insert into books (id, pub_date, is_bestseller, slug, title, image, description, price, discount, popular) values (1, '27/2/2011', 0, 'Transcof', 'Transcof', 'http://dummyimage.com/524x668.png/dddddd/000000', 'Vestibulum quam sapien, varius ut, blandit non, interdum in, ante. Vestibulum ante ipsum primis in faucibus orci luctus et ultrices posuere cubilia Curae; Duis faucibus accumsan odio. Curabitur convallis. Duis consequat dui nec nisi volutpat eleifend. Donec ut dolor. Morbi vel lectus in quam fringilla rhoncus. Mauris enim leo, rhoncus sed, vestibulum sit amet, cursus id, turpis.', 34, 8, 0);
insert into books (id, pub_date, is_bestseller, slug, title, image, description, price, discount, popular) values (2, '1/7/2002', 1, 'Biodex', 'Biodex', 'http://dummyimage.com/524x668.png/dddddd/000000', 'Nulla tellus. In sagittis dui vel nisl. Duis ac nibh. Fusce lacus purus, aliquet at, feugiat non, pretium quis, lectus. Suspendisse potenti.', 24, 2, 1.2);
insert into books (id, pub_date, is_bestseller, slug, title, image, description, price, discount, popular) values (3, '9/3/2014', 0, 'Hatity', 'Hatity', 'http://dummyimage.com/524x668.png/dddddd/000000', 'Vestibulum ante ipsum primis in faucibus orci luctus et ultrices posuere cubilia Curae; Nulla dapibus dolor vel est. Donec odio justo, sollicitudin ut, suscipit a, feugiat et, eros. Vestibulum ac est lacinia nisi venenatis tristique. Fusce congue, diam id ornare imperdiet, sapien urna pretium nisl, ut volutpat sapien arcu sed augue. Aliquam erat volutpat. In congue. Etiam justo.', 93, 52, 0);
insert into books (id, pub_date, is_bestseller, slug, title, image, description, price, discount, popular) values (4, '11/9/2017', 1, 'Redhold', 'Redhold', 'http://dummyimage.com/524x668.png/dddddd/000000', 'Aliquam quis turpis eget elit sodales scelerisque. Mauris sit amet eros. Suspendisse accumsan tortor quis turpis. Sed ante. Vivamus tortor. Duis mattis egestas metus. Aenean fermentum. Donec ut mauris eget massa tempor convallis. Nulla neque libero, convallis eget, eleifend luctus, ultricies eu, nibh.', 36, 2, 0.7);
insert into books (id, pub_date, is_bestseller, slug, title, image, description, price, discount, popular) values (5, '11/5/2001', 0, 'Viva', 'Viva', 'http://dummyimage.com/524x668.png/dddddd/000000', 'Maecenas rhoncus aliquam lacus. Morbi quis tortor id nulla ultrices aliquet. Maecenas leo odio, condimentum id, luctus nec, molestie sed, justo. Pellentesque viverra pede ac diam.', 95, 0, 1.1);
insert into books (id, pub_date, is_bestseller, slug, title, image, description, price, discount, popular) values (6, '19/4/2016', 0, 'Flexidy', 'Flexidy', 'http://dummyimage.com/524x668.png/dddddd/000000', 'Suspendisse potenti. In eleifend quam a odio. In hac habitasse platea dictumst. Maecenas ut massa quis augue luctus tincidunt.', 10, 37, 2.8);
insert into books (id, pub_date, is_bestseller, slug, title, image, description, price, discount, popular) values (7, '14/7/2011', 0, 'Hatity', 'Hatity', 'http://dummyimage.com/524x668.png/dddddd/000000', 'Proin interdum mauris non ligula pellentesque ultrices. Phasellus id sapien in sapien iaculis congue. Vivamus metus arcu, adipiscing molestie, hendrerit at, vulputate vitae, nisl. Aenean lectus. Pellentesque eget nunc. Donec quis orci eget orci vehicula condimentum. Curabitur in libero ut massa volutpat convallis. Morbi odio odio, elementum eu, interdum eu, tincidunt in, leo.', 16, 26, 0);
insert into books (id, pub_date, is_bestseller, slug, title, image, description, price, discount, popular) values (8, '17/1/2015', 0, 'Andalax', 'Andalax', 'http://dummyimage.com/524x668.png/dddddd/000000', 'Maecenas leo odio, condimentum id, luctus nec, molestie sed, justo.', 100, 44, 0);
insert into books (id, pub_date, is_bestseller, slug, title, image, description, price, discount, popular) values (9, '27/7/2003', 0, 'Gembucket', 'Gembucket', 'http://dummyimage.com/524x668.png/dddddd/000000', 'Praesent lectus. Vestibulum quam sapien, varius ut, blandit non, interdum in, ante. Vestibulum ante ipsum primis in faucibus orci luctus et ultrices posuere cubilia Curae; Duis faucibus accumsan odio. Curabitur convallis. Duis consequat dui nec nisi volutpat eleifend. Donec ut dolor. Morbi vel lectus in quam fringilla rhoncus. Mauris enim leo, rhoncus sed, vestibulum sit amet, cursus id, turpis.', 38, 45, 0);
insert into books (id, pub_date, is_bestseller, slug, title, image, description, price, discount, popular) values (10, '12/9/2019', 0, 'Tresom', 'Tresom', 'http://dummyimage.com/524x668.png/dddddd/000000', 'Phasellus sit amet erat. Nulla tempus. Vivamus in felis eu sapien cursus vestibulum. Proin eu mi. Nulla ac enim. In tempor, turpis nec euismod scelerisque, quam turpis adipiscing lorem, vitae mattis nibh ligula nec sem. Duis aliquam convallis nunc. Proin at turpis a pede posuere nonummy.', 90, 14, 0);
insert into books (id, pub_date, is_bestseller, slug, title, image, description, price, discount, popular) values (11, '12/11/2019', 1, 'Y-find', 'Y-find', 'http://dummyimage.com/524x668.png/dddddd/000000', 'Suspendisse potenti. In eleifend quam a odio. In hac habitasse platea dictumst.', 43, 7, 0);
insert into books (id, pub_date, is_bestseller, slug, title, image, description, price, discount, popular) values (12, '21/2/2002', 1, 'Transcof', 'Transcof', 'http://dummyimage.com/524x668.png/dddddd/000000', 'Cras pellentesque volutpat dui. Maecenas tristique, est et tempus semper, est quam pharetra magna, ac consequat metus sapien ut nunc. Vestibulum ante ipsum primis in faucibus orci luctus et ultrices posuere cubilia Curae; Mauris viverra diam vitae quam. Suspendisse potenti. Nullam porttitor lacus at turpis. Donec posuere metus vitae ipsum. Aliquam non mauris. Morbi non lectus. Aliquam sit amet diam in magna bibendum imperdiet.', 73, 3, 1);
insert into books (id, pub_date, is_bestseller, slug, title, image, description, price, discount, popular) values (13, '23/3/2014', 0, 'Kanlam', 'Kanlam', 'http://dummyimage.com/524x668.png/dddddd/000000', 'Phasellus sit amet erat. Nulla tempus. Vivamus in felis eu sapien cursus vestibulum.', 97, 66, 1.7);
insert into books (id, pub_date, is_bestseller, slug, title, image, description, price, discount, popular) values (14, '1/1/2017', 0, 'Namfix', 'Namfix', 'http://dummyimage.com/524x668.png/dddddd/000000', 'Duis aliquam convallis nunc. Proin at turpis a pede posuere nonummy. Integer non velit. Donec diam neque, vestibulum eget, vulputate ut, ultrices vel, augue. Vestibulum ante ipsum primis in faucibus orci luctus et ultrices posuere cubilia Curae; Donec pharetra, magna vestibulum aliquet ultrices, erat tortor sollicitudin mi, sit amet lobortis sapien sapien non mi.', 95, 46, 0);
insert into books (id, pub_date, is_bestseller, slug, title, image, description, price, discount, popular) values (15, '19/3/2013', 1, 'Sonsing', 'Sonsing', 'http://dummyimage.com/524x668.png/dddddd/000000', 'Morbi vestibulum, velit id pretium iaculis, diam erat fermentum justo, nec condimentum neque sapien placerat ante. Nulla justo. Aliquam quis turpis eget elit sodales scelerisque. Mauris sit amet eros. Suspendisse accumsan tortor quis turpis. Sed ante.', 29, 42, 0.7);
insert into books (id, pub_date, is_bestseller, slug, title, image, description, price, discount, popular) values (16, '7/6/2007', 0, 'Fixflex', 'Fixflex', 'http://dummyimage.com/524x668.png/dddddd/000000', 'Nulla ac enim. In tempor, turpis nec euismod scelerisque, quam turpis adipiscing lorem, vitae mattis nibh ligula nec sem. Duis aliquam convallis nunc. Proin at turpis a pede posuere nonummy.', 10, 68, 0.8);
insert into books (id, pub_date, is_bestseller, slug, title, image, description, price, discount, popular) values (17, '11/8/2008', 1, 'Konklab', 'Konklab', 'http://dummyimage.com/524x668.png/dddddd/000000', 'Aliquam erat volutpat.', 24, 1, 0);
insert into books (id, pub_date, is_bestseller, slug, title, image, description, price, discount, popular) values (18, '17/1/2007', 0, 'Home Ing', 'Home Ing', 'http://dummyimage.com/524x668.png/dddddd/000000', 'Morbi non lectus. Aliquam sit amet diam in magna bibendum imperdiet. Nullam orci pede, venenatis non, sodales sed, tincidunt eu, felis. Fusce posuere felis sed lacus. Morbi sem mauris, laoreet ut, rhoncus aliquet, pulvinar sed, nisl. Nunc rhoncus dui vel sem. Sed sagittis.', 75, 57, 1);
insert into books (id, pub_date, is_bestseller, slug, title, image, description, price, discount, popular) values (19, '5/11/2013', 0, 'Latlux', 'Latlux', 'http://dummyimage.com/524x668.png/dddddd/000000', 'Sed accumsan felis. Ut at dolor quis odio consequat varius. Integer ac leo. Pellentesque ultrices mattis odio. Donec vitae nisi. Nam ultrices, libero non mattis pulvinar, nulla pede ullamcorper augue, a suscipit nulla elit ac nulla. Sed vel enim sit amet nunc viverra dapibus. Nulla suscipit ligula in lacus. Curabitur at ipsum ac tellus semper interdum. Mauris ullamcorper purus sit amet nulla.', 55, 41, 1.4);
insert into books (id, pub_date, is_bestseller, slug, title, image, description, price, discount, popular) values (20, '19/7/2000', 0, 'Domainer', 'Domainer', 'http://dummyimage.com/524x668.png/dddddd/000000', 'Maecenas leo odio, condimentum id, luctus nec, molestie sed, justo. Pellentesque viverra pede ac diam. Cras pellentesque volutpat dui. Maecenas tristique, est et tempus semper, est quam pharetra magna, ac consequat metus sapien ut nunc.', 35, 60, 0);
insert into books (id, pub_date, is_bestseller, slug, title, image, description, price, discount, popular) values (21, '7/11/2018', 0, 'Pannier', 'Pannier', 'http://dummyimage.com/524x668.png/dddddd/000000', 'Proin risus. Praesent lectus. Vestibulum quam sapien, varius ut, blandit non, interdum in, ante. Vestibulum ante ipsum primis in faucibus orci luctus et ultrices posuere cubilia Curae; Duis faucibus accumsan odio. Curabitur convallis. Duis consequat dui nec nisi volutpat eleifend. Donec ut dolor. Morbi vel lectus in quam fringilla rhoncus. Mauris enim leo, rhoncus sed, vestibulum sit amet, cursus id, turpis. Integer aliquet, massa id lobortis convallis, tortor risus dapibus augue, vel accumsan tellus nisi eu orci.', 53, 48, 0.8);
insert into books (id, pub_date, is_bestseller, slug, title, image, description, price, discount, popular) values (22, '27/12/2003', 0, 'Rank', 'Rank', 'http://dummyimage.com/524x668.png/dddddd/000000', 'Quisque id justo sit amet sapien dignissim vestibulum. Vestibulum ante ipsum primis in faucibus orci luctus et ultrices posuere cubilia Curae; Nulla dapibus dolor vel est. Donec odio justo, sollicitudin ut, suscipit a, feugiat et, eros. Vestibulum ac est lacinia nisi venenatis tristique. Fusce congue, diam id ornare imperdiet, sapien urna pretium nisl, ut volutpat sapien arcu sed augue. Aliquam erat volutpat. In congue.', 61, 54, 0);
insert into books (id, pub_date, is_bestseller, slug, title, image, description, price, discount, popular) values (23, '3/10/2008', 0, 'Konklab', 'Konklab', 'http://dummyimage.com/524x668.png/dddddd/000000', 'Fusce lacus purus, aliquet at, feugiat non, pretium quis, lectus. Suspendisse potenti.', 84, 57, 0.4);
insert into books (id, pub_date, is_bestseller, slug, title, image, description, price, discount, popular) values (24, '14/10/2018', 0, 'Tin', 'Tin', 'http://dummyimage.com/524x668.png/dddddd/000000', 'Morbi vestibulum, velit id pretium iaculis, diam erat fermentum justo, nec condimentum neque sapien placerat ante. Nulla justo. Aliquam quis turpis eget elit sodales scelerisque.', 62, 46, 0);
insert into books (id, pub_date, is_bestseller, slug, title, image, description, price, discount, popular) values (25, '18/8/2010', 1, 'Wrapsafe', 'Wrapsafe', 'http://dummyimage.com/524x668.png/dddddd/000000', 'Fusce posuere felis sed lacus. Morbi sem mauris, laoreet ut, rhoncus aliquet, pulvinar sed, nisl. Nunc rhoncus dui vel sem. Sed sagittis. Nam congue, risus semper porta volutpat, quam pede lobortis ligula, sit amet eleifend pede libero quis orci. Nullam molestie nibh in lectus. Pellentesque at nulla.', 50, 58, 0.8);
insert into books (id, pub_date, is_bestseller, slug, title, image, description, price, discount, popular) values (26, '6/1/2012', 0, 'Hatity', 'Hatity', 'http://dummyimage.com/524x668.png/dddddd/000000', 'Aenean lectus. Pellentesque eget nunc. Donec quis orci eget orci vehicula condimentum. Curabitur in libero ut massa volutpat convallis. Morbi odio odio, elementum eu, interdum eu, tincidunt in, leo. Maecenas pulvinar lobortis est. Phasellus sit amet erat. Nulla tempus. Vivamus in felis eu sapien cursus vestibulum. Proin eu mi.', 43, 45, 0);
insert into books (id, pub_date, is_bestseller, slug, title, image, description, price, discount, popular) values (27, '17/8/2006', 1, 'Transcof', 'Transcof', 'http://dummyimage.com/524x668.png/dddddd/000000', 'Aliquam erat volutpat. In congue. Etiam justo. Etiam pretium iaculis justo. In hac habitasse platea dictumst. Etiam faucibus cursus urna. Ut tellus.', 96, 13, 0.7);
insert into books (id, pub_date, is_bestseller, slug, title, image, description, price, discount, popular) values (28, '27/10/2017', 0, 'Lotstring', 'Lotstring', 'http://dummyimage.com/524x668.png/dddddd/000000', 'Duis bibendum. Morbi non quam nec dui luctus rutrum. Nulla tellus. In sagittis dui vel nisl. Duis ac nibh. Fusce lacus purus, aliquet at, feugiat non, pretium quis, lectus. Suspendisse potenti. In eleifend quam a odio.', 54, 20, 0.7);
insert into books (id, pub_date, is_bestseller, slug, title, image, description, price, discount, popular) values (29, '25/4/2000', 0, 'Tampflex', 'Tampflex', 'http://dummyimage.com/524x668.png/dddddd/000000', 'Phasellus sit amet erat. Nulla tempus. Vivamus in felis eu sapien cursus vestibulum. Proin eu mi. Nulla ac enim. In tempor, turpis nec euismod scelerisque, quam turpis adipiscing lorem, vitae mattis nibh ligula nec sem.', 95, 60, 0.4);
insert into books (id, pub_date, is_bestseller, slug, title, image, description, price, discount, popular) values (30, '29/1/2013', 0, 'Greenlam', 'Greenlam', 'http://dummyimage.com/524x668.png/dddddd/000000', 'Morbi a ipsum. Integer a nibh.', 99, 2, 0.4);
insert into books (id, pub_date, is_bestseller, slug, title, image, description, price, discount, popular) values (31, '24/5/2014', 0, 'Bytecard', 'Bytecard', 'http://dummyimage.com/524x668.png/dddddd/000000', 'Integer ac leo. Pellentesque ultrices mattis odio. Donec vitae nisi.', 70, 59, 1);
insert into books (id, pub_date, is_bestseller, slug, title, image, description, price, discount, popular) values (32, '30/11/2010', 0, 'Duobam', 'Duobam', 'http://dummyimage.com/524x668.png/dddddd/000000', 'In hac habitasse platea dictumst. Maecenas ut massa quis augue luctus tincidunt. Nulla mollis molestie lorem. Quisque ut erat. Curabitur gravida nisi at nibh. In hac habitasse platea dictumst. Aliquam augue quam, sollicitudin vitae, consectetuer eget, rutrum at, lorem. Integer tincidunt ante vel ipsum. Praesent blandit lacinia erat. Vestibulum sed magna at nunc commodo placerat.', 90, 8, 2.4);
insert into books (id, pub_date, is_bestseller, slug, title, image, description, price, discount, popular) values (33, '11/11/2003', 0, 'Prodder', 'Prodder', 'http://dummyimage.com/524x668.png/dddddd/000000', 'Sed sagittis.', 11, 45, 0);
insert into books (id, pub_date, is_bestseller, slug, title, image, description, price, discount, popular) values (34, '28/11/2012', 0, 'Zamit', 'Zamit', 'http://dummyimage.com/524x668.png/dddddd/000000', 'Vivamus vel nulla eget eros elementum pellentesque. Quisque porta volutpat erat.', 37, 4, 1.4);
insert into books (id, pub_date, is_bestseller, slug, title, image, description, price, discount, popular) values (35, '18/12/2007', 1, 'Biodex', 'Biodex', 'http://dummyimage.com/524x668.png/dddddd/000000', 'Lorem ipsum dolor sit amet, consectetuer adipiscing elit. Proin interdum mauris non ligula pellentesque ultrices. Phasellus id sapien in sapien iaculis congue. Vivamus metus arcu, adipiscing molestie, hendrerit at, vulputate vitae, nisl. Aenean lectus. Pellentesque eget nunc. Donec quis orci eget orci vehicula condimentum.', 76, 35, 0);
insert into books (id, pub_date, is_bestseller, slug, title, image, description, price, discount, popular) values (36, '11/11/2013', 0, 'Fix_San', 'Fix San', 'http://dummyimage.com/524x668.png/dddddd/000000', 'Pellentesque eget nunc. Donec quis orci eget orci vehicula condimentum. Curabitur in libero ut massa volutpat convallis. Morbi odio odio, elementum eu, interdum eu, tincidunt in, leo.', 99, 45, 0.8);
insert into books (id, pub_date, is_bestseller, slug, title, image, description, price, discount, popular) values (37, '30/1/2011', 0, 'Cardguard', 'Cardguard', 'http://dummyimage.com/524x668.png/dddddd/000000', 'Integer a nibh. In quis justo. Maecenas rhoncus aliquam lacus. Morbi quis tortor id nulla ultrices aliquet. Maecenas leo odio, condimentum id, luctus nec, molestie sed, justo. Pellentesque viverra pede ac diam.', 46, 23, 1);
insert into books (id, pub_date, is_bestseller, slug, title, image, description, price, discount, popular) values (38, '13/12/2015', 0, 'Bitwolf', 'Bitwolf', 'http://dummyimage.com/524x668.png/dddddd/000000', 'Nam ultrices, libero non mattis pulvinar, nulla pede ullamcorper augue, a suscipit nulla elit ac nulla. Sed vel enim sit amet nunc viverra dapibus. Nulla suscipit ligula in lacus. Curabitur at ipsum ac tellus semper interdum. Mauris ullamcorper purus sit amet nulla.', 59, 56, 0.7);
insert into books (id, pub_date, is_bestseller, slug, title, image, description, price, discount, popular) values (39, '22/3/2012', 0, 'Job', 'Job', 'http://dummyimage.com/524x668.png/dddddd/000000', 'Aenean fermentum. Donec ut mauris eget massa tempor convallis. Nulla neque libero, convallis eget, eleifend luctus, ultricies eu, nibh. Quisque id justo sit amet sapien dignissim vestibulum. Vestibulum ante ipsum primis in faucibus orci luctus et ultrices posuere cubilia Curae; Nulla dapibus dolor vel est. Donec odio justo, sollicitudin ut, suscipit a, feugiat et, eros. Vestibulum ac est lacinia nisi venenatis tristique. Fusce congue, diam id ornare imperdiet, sapien urna pretium nisl, ut volutpat sapien arcu sed augue. Aliquam erat volutpat.', 84, 6, 1.8);
insert into books (id, pub_date, is_bestseller, slug, title, image, description, price, discount, popular) values (40, '8/5/2001', 0, 'Stringtough', 'Stringtough', 'http://dummyimage.com/524x668.png/dddddd/000000', 'Vivamus metus arcu, adipiscing molestie, hendrerit at, vulputate vitae, nisl. Aenean lectus. Pellentesque eget nunc. Donec quis orci eget orci vehicula condimentum. Curabitur in libero ut massa volutpat convallis. Morbi odio odio, elementum eu, interdum eu, tincidunt in, leo. Maecenas pulvinar lobortis est. Phasellus sit amet erat. Nulla tempus.', 40, 17, 1.7);
insert into books (id, pub_date, is_bestseller, slug, title, image, description, price, discount, popular) values (41, '17/6/2000', 0, 'Sonair', 'Sonair', 'http://dummyimage.com/524x668.png/dddddd/000000', 'Donec ut mauris eget massa tempor convallis. Nulla neque libero, convallis eget, eleifend luctus, ultricies eu, nibh. Quisque id justo sit amet sapien dignissim vestibulum. Vestibulum ante ipsum primis in faucibus orci luctus et ultrices posuere cubilia Curae; Nulla dapibus dolor vel est.', 51, 26, 1.4);
insert into books (id, pub_date, is_bestseller, slug, title, image, description, price, discount, popular) values (42, '30/6/2012', 1, 'Stim', 'Stim', 'http://dummyimage.com/524x668.png/dddddd/000000', 'Nam congue, risus semper porta volutpat, quam pede lobortis ligula, sit amet eleifend pede libero quis orci. Nullam molestie nibh in lectus. Pellentesque at nulla. Suspendisse potenti. Cras in purus eu magna vulputate luctus. Cum sociis natoque penatibus et magnis dis parturient montes, nascetur ridiculus mus.', 24, 66, 1);
insert into books (id, pub_date, is_bestseller, slug, title, image, description, price, discount, popular) values (43, '2/10/2002', 0, 'Regrant', 'Regrant', 'http://dummyimage.com/524x668.png/dddddd/000000', 'Praesent blandit lacinia erat. Vestibulum sed magna at nunc commodo placerat. Praesent blandit. Nam nulla. Integer pede justo, lacinia eget, tincidunt eget, tempus vel, pede. Morbi porttitor lorem id ligula.', 40, 18, 0);
insert into books (id, pub_date, is_bestseller, slug, title, image, description, price, discount, popular) values (44, '14/6/2007', 1, 'Wheat Smut', 'Wheat Smut', 'http://dummyimage.com/524x668.png/dddddd/000000', 'Aenean sit amet justo. Morbi ut odio. Cras mi pede, malesuada in, imperdiet et, commodo vulputate, justo. In blandit ultrices enim. Lorem ipsum dolor sit amet, consectetuer adipiscing elit. Proin interdum mauris non ligula pellentesque ultrices. Phasellus id sapien in sapien iaculis congue.', 32, 64, 1);
insert into books (id, pub_date, is_bestseller, slug, title, image, description, price, discount, popular) values (45, '8/5/2019', 1, 'ARNICA MONTANA', 'ARNICA MONTANA', 'http://dummyimage.com/524x668.png/dddddd/000000', 'Duis aliquam convallis nunc. Proin at turpis a pede posuere nonummy. Integer non velit. Donec diam neque, vestibulum eget, vulputate ut, ultrices vel, augue. Vestibulum ante ipsum primis in faucibus orci luctus et ultrices posuere cubilia Curae; Donec pharetra, magna vestibulum aliquet ultrices, erat tortor sollicitudin mi, sit amet lobortis sapien sapien non mi.', 94, 18, 1.2);
insert into books (id, pub_date, is_bestseller, slug, title, image, description, price, discount, popular) values (46, '3/6/2006', 1, 'Veribet', 'Veribet', 'http://dummyimage.com/524x668.png/dddddd/000000', 'Quisque erat eros, viverra eget, congue eget, semper rutrum, nulla. Nunc purus. Phasellus in felis. Donec semper sapien a libero. Nam dui.', 96, 51, 1);
insert into books (id, pub_date, is_bestseller, slug, title, image, description, price, discount, popular) values (47, '9/10/2009', 0, 'Rough Marsh Elder', 'Rough Marsh Elder', 'http://dummyimage.com/524x668.png/dddddd/000000', 'Duis at velit eu est congue elementum. In hac habitasse platea dictumst. Morbi vestibulum, velit id pretium iaculis, diam erat fermentum justo, nec condimentum neque sapien placerat ante. Nulla justo. Aliquam quis turpis eget elit sodales scelerisque. Mauris sit amet eros. Suspendisse accumsan tortor quis turpis.', 82, 49, 0.4);
insert into books (id, pub_date, is_bestseller, slug, title, image, description, price, discount, popular) values (48, '23/4/2018', 1, 'Prodder', 'Prodder', 'http://dummyimage.com/524x668.png/dddddd/000000', 'Curabitur in libero ut massa volutpat convallis. Morbi odio odio, elementum eu, interdum eu, tincidunt in, leo. Maecenas pulvinar lobortis est. Phasellus sit amet erat. Nulla tempus. Vivamus in felis eu sapien cursus vestibulum. Proin eu mi. Nulla ac enim. In tempor, turpis nec euismod scelerisque, quam turpis adipiscing lorem, vitae mattis nibh ligula nec sem. Duis aliquam convallis nunc.', 44, 31, 1.1);
insert into books (id, pub_date, is_bestseller, slug, title, image, description, price, discount, popular) values (49, '9/9/2018', 1, 'Domainer', 'Domainer', 'http://dummyimage.com/524x668.png/dddddd/000000', 'Etiam justo. Etiam pretium iaculis justo.', 64, 10, 0.7);
insert into books (id, pub_date, is_bestseller, slug, title, image, description, price, discount, popular) values (50, '17/8/2011', 1, 'Regrant', 'Regrant', 'http://dummyimage.com/524x668.png/dddddd/000000', 'Morbi porttitor lorem id ligula. Suspendisse ornare consequat lectus. In est risus, auctor sed, tristique in, tempus sit amet, sem. Fusce consequat. Nulla nisl. Nunc nisl. Duis bibendum, felis sed interdum venenatis, turpis enim blandit mi, in porttitor pede justo eu massa. Donec dapibus.', 44, 25, 0);
insert into books (id, pub_date, is_bestseller, slug, title, image, description, price, discount, popular) values (51, '7/5/2008', 0, 'Bitchip', 'Bitchip', 'http://dummyimage.com/524x668.png/dddddd/000000', 'Nulla tempus. Vivamus in felis eu sapien cursus vestibulum. Proin eu mi. Nulla ac enim. In tempor, turpis nec euismod scelerisque, quam turpis adipiscing lorem, vitae mattis nibh ligula nec sem. Duis aliquam convallis nunc. Proin at turpis a pede posuere nonummy. Integer non velit.', 65, 45, 0.7);
insert into books (id, pub_date, is_bestseller, slug, title, image, description, price, discount, popular) values (52, '16/3/2012', 0, 'Gembucket', 'Gembucket', 'http://dummyimage.com/524x668.png/dddddd/000000', 'Phasellus id sapien in sapien iaculis congue. Vivamus metus arcu, adipiscing molestie, hendrerit at, vulputate vitae, nisl.', 82, 69, 0.7);
insert into books (id, pub_date, is_bestseller, slug, title, image, description, price, discount, popular) values (53, '30/11/2016', 0, 'Simvastatin', 'Simvastatin', 'http://dummyimage.com/524x668.png/dddddd/000000', 'Nunc rhoncus dui vel sem. Sed sagittis. Nam congue, risus semper porta volutpat, quam pede lobortis ligula, sit amet eleifend pede libero quis orci. Nullam molestie nibh in lectus. Pellentesque at nulla. Suspendisse potenti. Cras in purus eu magna vulputate luctus. Cum sociis natoque penatibus et magnis dis parturient montes, nascetur ridiculus mus.', 94, 44, 1.7);
insert into books (id, pub_date, is_bestseller, slug, title, image, description, price, discount, popular) values (54, '3/2/2008', 0, 'Lovenox', 'Lovenox', 'http://dummyimage.com/524x668.png/dddddd/000000', 'In eleifend quam a odio. In hac habitasse platea dictumst. Maecenas ut massa quis augue luctus tincidunt. Nulla mollis molestie lorem. Quisque ut erat.', 82, 69, 2.8);
insert into books (id, pub_date, is_bestseller, slug, title, image, description, price, discount, popular) values (55, '24/2/2001', 1, 'ZONISAMIDE', 'ZONISAMIDE', 'http://dummyimage.com/524x668.png/dddddd/000000', 'Proin eu mi. Nulla ac enim. In tempor, turpis nec euismod scelerisque, quam turpis adipiscing lorem, vitae mattis nibh ligula nec sem.', 72, 23, 1.7);
insert into books (id, pub_date, is_bestseller, slug, title, image, description, price, discount, popular) values (56, '6/7/2019', 0, 'Cardify', 'Cardify', 'http://dummyimage.com/524x668.png/dddddd/000000', 'Nulla ut erat id mauris vulputate elementum. Nullam varius. Nulla facilisi. Cras non velit nec nisi vulputate nonummy. Maecenas tincidunt lacus at velit. Vivamus vel nulla eget eros elementum pellentesque. Quisque porta volutpat erat. Quisque erat eros, viverra eget, congue eget, semper rutrum, nulla. Nunc purus.', 23, 59, 1.1);
insert into books (id, pub_date, is_bestseller, slug, title, image, description, price, discount, popular) values (57, '23/9/2001', 0, 'Cookley', 'Cookley', 'http://dummyimage.com/524x668.png/dddddd/000000', 'Nulla ac enim. In tempor, turpis nec euismod scelerisque, quam turpis adipiscing lorem, vitae mattis nibh ligula nec sem. Duis aliquam convallis nunc. Proin at turpis a pede posuere nonummy. Integer non velit.', 93, 13, 0);
insert into books (id, pub_date, is_bestseller, slug, title, image, description, price, discount, popular) values (58, '5/6/2019', 0, 'Transcof', 'Transcof', 'http://dummyimage.com/524x668.png/dddddd/000000', 'In eleifend quam a odio. In hac habitasse platea dictumst. Maecenas ut massa quis augue luctus tincidunt. Nulla mollis molestie lorem. Quisque ut erat.', 50, 25, 0.4);
insert into books (id, pub_date, is_bestseller, slug, title, image, description, price, discount, popular) values (59, '12/7/2004', 0, 'Andalax', 'Andalax', 'http://dummyimage.com/524x668.png/dddddd/000000', 'Nam dui. Proin leo odio, porttitor id, consequat in, consequat ut, nulla. Sed accumsan felis. Ut at dolor quis odio consequat varius. Integer ac leo. Pellentesque ultrices mattis odio. Donec vitae nisi.', 70, 56, 0);
insert into books (id, pub_date, is_bestseller, slug, title, image, description, price, discount, popular) values (60, '3/11/2007', 0, 'Zamit', 'Zamit', 'http://dummyimage.com/524x668.png/dddddd/000000', 'In hac habitasse platea dictumst. Maecenas ut massa quis augue luctus tincidunt.', 27, 6, 0);
insert into books (id, pub_date, is_bestseller, slug, title, image, description, price, discount, popular) values (61, '10/8/2002', 1, 'Alphazap', 'Alphazap', 'http://dummyimage.com/524x668.png/dddddd/000000', 'Aenean lectus.', 93, 69, 2.8);
insert into books (id, pub_date, is_bestseller, slug, title, image, description, price, discount, popular) values (62, '28/12/2016', 0, 'Overhold', 'Overhold', 'http://dummyimage.com/524x668.png/dddddd/000000', 'Suspendisse potenti. In eleifend quam a odio. In hac habitasse platea dictumst. Maecenas ut massa quis augue luctus tincidunt. Nulla mollis molestie lorem. Quisque ut erat.', 96, 34, 1.1);
insert into books (id, pub_date, is_bestseller, slug, title, image, description, price, discount, popular) values (63, '23/11/2012', 1, 'Viva', 'Viva', 'http://dummyimage.com/524x668.png/dddddd/000000', 'Donec ut dolor.', 13, 22, 0.4);
insert into books (id, pub_date, is_bestseller, slug, title, image, description, price, discount, popular) values (64, '5/9/2010', 0, 'Lotstring', 'Lotstring', 'http://dummyimage.com/524x668.png/dddddd/000000', 'Quisque porta volutpat erat. Quisque erat eros, viverra eget, congue eget, semper rutrum, nulla. Nunc purus. Phasellus in felis. Donec semper sapien a libero. Nam dui.', 17, 3, 0);
insert into books (id, pub_date, is_bestseller, slug, title, image, description, price, discount, popular) values (65, '6/9/2006', 0, 'Greenlam', 'Greenlam', 'http://dummyimage.com/524x668.png/dddddd/000000', 'Sed accumsan felis. Ut at dolor quis odio consequat varius. Integer ac leo. Pellentesque ultrices mattis odio. Donec vitae nisi. Nam ultrices, libero non mattis pulvinar, nulla pede ullamcorper augue, a suscipit nulla elit ac nulla. Sed vel enim sit amet nunc viverra dapibus. Nulla suscipit ligula in lacus. Curabitur at ipsum ac tellus semper interdum. Mauris ullamcorper purus sit amet nulla.', 75, 7, 1.7);
insert into books (id, pub_date, is_bestseller, slug, title, image, description, price, discount, popular) values (66, '28/8/2016', 1, 'CEFACLOR', 'CEFACLOR', 'http://dummyimage.com/524x668.png/dddddd/000000', 'Vestibulum sed magna at nunc commodo placerat.', 66, 2, 0.8);
insert into books (id, pub_date, is_bestseller, slug, title, image, description, price, discount, popular) values (67, '23/7/2008', 1, 'Omeprazole', 'Omeprazole', 'http://dummyimage.com/524x668.png/dddddd/000000', 'Morbi ut odio. Cras mi pede, malesuada in, imperdiet et, commodo vulputate, justo. In blandit ultrices enim.', 33, 38, 0);
insert into books (id, pub_date, is_bestseller, slug, title, image, description, price, discount, popular) values (68, '8/4/2012', 1, 'Trazodone Hydrochloride', 'Trazodone Hydrochloride', 'http://dummyimage.com/524x668.png/dddddd/000000', 'Quisque id justo sit amet sapien dignissim vestibulum. Vestibulum ante ipsum primis in faucibus orci luctus et ultrices posuere cubilia Curae; Nulla dapibus dolor vel est. Donec odio justo, sollicitudin ut, suscipit a, feugiat et, eros. Vestibulum ac est lacinia nisi venenatis tristique. Fusce congue, diam id ornare imperdiet, sapien urna pretium nisl, ut volutpat sapien arcu sed augue. Aliquam erat volutpat. In congue.', 81, 62, 0.7);
insert into books (id, pub_date, is_bestseller, slug, title, image, description, price, discount, popular) values (69, '26/1/2012', 0, 'Pannier', 'Pannier', 'http://dummyimage.com/524x668.png/dddddd/000000', 'In congue. Etiam justo. Etiam pretium iaculis justo.', 92, 9, 0.7);
insert into books (id, pub_date, is_bestseller, slug, title, image, description, price, discount, popular) values (70, '9/9/2001', 1, 'Witch_Hazel', 'Witch Hazel', 'http://dummyimage.com/524x668.png/dddddd/000000', 'Morbi ut odio. Cras mi pede, malesuada in, imperdiet et, commodo vulputate, justo. In blandit ultrices enim.', 47, 24, 0);
insert into books (id, pub_date, is_bestseller, slug, title, image, description, price, discount, popular) values (71, '22/3/2011', 0, 'Aunt_Bees_Five_Flavors', 'Aunt Bees Five Flavors', 'http://dummyimage.com/524x668.png/dddddd/000000', 'Aenean auctor gravida sem. Praesent id massa id nisl venenatis lacinia. Aenean sit amet justo. Morbi ut odio. Cras mi pede, malesuada in, imperdiet et, commodo vulputate, justo. In blandit ultrices enim. Lorem ipsum dolor sit amet, consectetuer adipiscing elit. Proin interdum mauris non ligula pellentesque ultrices.', 52, 43, 1.7);
insert into books (id, pub_date, is_bestseller, slug, title, image, description, price, discount, popular) values (72, '15/9/2003', 0, 'Acid_reducer', 'Acid reducer', 'http://dummyimage.com/524x668.png/dddddd/000000', 'Vivamus in felis eu sapien cursus vestibulum. Proin eu mi. Nulla ac enim.', 25, 43, 1.4);
insert into books (id, pub_date, is_bestseller, slug, title, image, description, price, discount, popular) values (73, '18/9/2002', 0, 'Subin', 'Subin', 'http://dummyimage.com/524x668.png/dddddd/000000', 'Nulla justo. Aliquam quis turpis eget elit sodales scelerisque. Mauris sit amet eros. Suspendisse accumsan tortor quis turpis. Sed ante.', 14, 4, 1.1);



insert into authors (id, photo, slug, name, description) values (1, 'http://dummyimage.com/524x668.png/dddddd/000000', 'CorrineWimbridge', 'Wimbridge Corrine', 'Duis bibendum, felis sed interdum venenatis, turpis enim blandit mi, in porttitor pede justo eu massa. Donec dapibus. Duis at velit eu est congue elementum. In hac habitasse platea dictumst. Morbi vestibulum, velit id pretium iaculis, diam erat fermentum justo, nec condimentum neque sapien placerat ante.');
insert into authors (id, photo, slug, name, description) values (2, 'http://dummyimage.com/524x668.png/dddddd/000000', 'MeghanRickasse', 'Rickasse Meghan', 'Proin risus. Praesent lectus. Vestibulum quam sapien, varius ut, blandit non, interdum in, ante. Vestibulum ante ipsum primis in faucibus orci luctus et ultrices posuere cubilia Curae; Duis faucibus accumsan odio. Curabitur convallis. Duis consequat dui nec nisi volutpat eleifend. Donec ut dolor. Morbi vel lectus in quam fringilla rhoncus. Mauris enim leo, rhoncus sed, vestibulum sit amet, cursus id, turpis.');
insert into authors (id, photo, slug, name, description) values (3, 'http://dummyimage.com/524x668.png/dddddd/000000', 'ChadMcOrkill', 'McOrkill Chad', 'Maecenas tincidunt lacus at velit. Vivamus vel nulla eget eros elementum pellentesque. Quisque porta volutpat erat. Quisque erat eros, viverra eget, congue eget, semper rutrum, nulla. Nunc purus. Phasellus in felis. Donec semper sapien a libero. Nam dui. Proin leo odio, porttitor id, consequat in, consequat ut, nulla. Sed accumsan felis.');
insert into authors (id, photo, slug, name, description) values (4, 'http://dummyimage.com/524x668.png/dddddd/000000', 'SaxeHurles', 'Hurles Saxe', 'Donec vitae nisi. Nam ultrices, libero non mattis pulvinar, nulla pede ullamcorper augue, a suscipit nulla elit ac nulla. Sed vel enim sit amet nunc viverra dapibus.');
insert into authors (id, photo, slug, name, description) values (5, 'http://dummyimage.com/524x668.png/dddddd/000000', 'TresaOrkney', 'Orkney Tresa', 'Donec semper sapien a libero. Nam dui. Proin leo odio, porttitor id, consequat in, consequat ut, nulla. Sed accumsan felis. Ut at dolor quis odio consequat varius.');
insert into authors (id, photo, slug, name, description) values (6, 'http://dummyimage.com/524x668.png/dddddd/000000', 'KatinaSoutham', 'Southam Katina', 'Sed accumsan felis. Ut at dolor quis odio consequat varius. Integer ac leo. Pellentesque ultrices mattis odio. Donec vitae nisi. Nam ultrices, libero non mattis pulvinar, nulla pede ullamcorper augue, a suscipit nulla elit ac nulla. Sed vel enim sit amet nunc viverra dapibus.');
insert into authors (id, photo, slug, name, description) values (7, 'http://dummyimage.com/524x668.png/dddddd/000000', 'ChrystalHathway', 'Hathway Chrystal', 'Maecenas ut massa quis augue luctus tincidunt. Nulla mollis molestie lorem. Quisque ut erat. Curabitur gravida nisi at nibh. In hac habitasse platea dictumst. Aliquam augue quam, sollicitudin vitae, consectetuer eget, rutrum at, lorem. Integer tincidunt ante vel ipsum. Praesent blandit lacinia erat. Vestibulum sed magna at nunc commodo placerat.');
insert into authors (id, photo, slug, name, description) values (8, 'http://dummyimage.com/524x668.png/dddddd/000000', 'DrusySpeariett', 'Speariett Drusy', 'Vestibulum ac est lacinia nisi venenatis tristique. Fusce congue, diam id ornare imperdiet, sapien urna pretium nisl, ut volutpat sapien arcu sed augue. Aliquam erat volutpat. In congue. Etiam justo. Etiam pretium iaculis justo. In hac habitasse platea dictumst. Etiam faucibus cursus urna.');
insert into authors (id, photo, slug, name, description) values (9, 'http://dummyimage.com/524x668.png/dddddd/000000', 'JaimeKabos', 'Kabos Jaime', 'Maecenas leo odio, condimentum id, luctus nec, molestie sed, justo. Pellentesque viverra pede ac diam. Cras pellentesque volutpat dui. Maecenas tristique, est et tempus semper, est quam pharetra magna, ac consequat metus sapien ut nunc. Vestibulum ante ipsum primis in faucibus orci luctus et ultrices posuere cubilia Curae; Mauris viverra diam vitae quam.');
insert into authors (id, photo, slug, name, description) values (10, 'http://dummyimage.com/524x668.png/dddddd/000000', 'PerriMackelworth', 'Mackelworth Perri', 'Pellentesque eget nunc. Donec quis orci eget orci vehicula condimentum. Curabitur in libero ut massa volutpat convallis.');
insert into authors (id, photo, slug, name, description) values (11, 'http://dummyimage.com/524x668.png/dddddd/000000', 'CodiBraddock', 'Braddock Codi', 'Proin eu mi. Nulla ac enim.');
insert into authors (id, photo, slug, name, description) values (12, 'http://dummyimage.com/524x668.png/dddddd/000000', 'BlanchaDioniso', 'Dioniso Blancha', 'Pellentesque eget nunc. Donec quis orci eget orci vehicula condimentum. Curabitur in libero ut massa volutpat convallis.');
insert into authors (id, photo, slug, name, description) values (13, 'http://dummyimage.com/524x668.png/dddddd/000000', 'VanyaZipsel', 'Zipsell Vanya', 'Cras in purus eu magna vulputate luctus. Cum sociis natoque penatibus et magnis dis parturient montes, nascetur ridiculus mus. Vivamus vestibulum sagittis sapien. Cum sociis natoque penatibus et magnis dis parturient montes, nascetur ridiculus mus.');
insert into authors (id, photo, slug, name, description) values (14, 'http://dummyimage.com/524x668.png/dddddd/000000', 'OpalinaLudlam', 'Ludlam Opalina', 'Vestibulum ante ipsum primis in faucibus orci luctus et ultrices posuere cubilia Curae; Duis faucibus accumsan odio. Curabitur convallis. Duis consequat dui nec nisi volutpat eleifend. Donec ut dolor. Morbi vel lectus in quam fringilla rhoncus.');
insert into authors (id, photo, slug, name, description) values (15, 'http://dummyimage.com/524x668.png/dddddd/000000', 'NatalaPenna', 'Penna Natala', 'Curabitur convallis. Duis consequat dui nec nisi volutpat eleifend.');
insert into authors (id, photo, slug, name, description) values (16, 'http://dummyimage.com/524x668.png/dddddd/000000', 'MarjiReen', 'Reen Marji', 'Nulla tellus. In sagittis dui vel nisl. Duis ac nibh. Fusce lacus purus, aliquet at, feugiat non, pretium quis, lectus. Suspendisse potenti. In eleifend quam a odio. In hac habitasse platea dictumst. Maecenas ut massa quis augue luctus tincidunt. Nulla mollis molestie lorem.');
insert into authors (id, photo, slug, name, description) values (17, 'http://dummyimage.com/524x668.png/dddddd/000000', 'NormieDeLun', 'De Luna Normie', 'Morbi non lectus.');
insert into authors (id, photo, slug, name, description) values (18, 'http://dummyimage.com/524x668.png/dddddd/000000', 'LilliPaviour', 'Paviour Lilli', 'In hac habitasse platea dictumst. Maecenas ut massa quis augue luctus tincidunt. Nulla mollis molestie lorem. Quisque ut erat. Curabitur gravida nisi at nibh. In hac habitasse platea dictumst. Aliquam augue quam, sollicitudin vitae, consectetuer eget, rutrum at, lorem. Integer tincidunt ante vel ipsum.');
insert into authors (id, photo, slug, name, description) values (19, 'http://dummyimage.com/524x668.png/dddddd/000000', 'AlysiaMatthensen', 'Matthensen Alysia', 'Quisque id justo sit amet sapien dignissim vestibulum. Vestibulum ante ipsum primis in faucibus orci luctus et ultrices posuere cubilia Curae; Nulla dapibus dolor vel est. Donec odio justo, sollicitudin ut, suscipit a, feugiat et, eros.');
insert into authors (id, photo, slug, name, description) values (20, 'http://dummyimage.com/524x668.png/dddddd/000000', 'LemHryskiewicz', 'Hryskiewicz Lem', 'Vestibulum sed magna at nunc commodo placerat. Praesent blandit. Nam nulla. Integer pede justo, lacinia eget, tincidunt eget, tempus vel, pede. Morbi porttitor lorem id ligula. Suspendisse ornare consequat lectus. In est risus, auctor sed, tristique in, tempus sit amet, sem. Fusce consequat. Nulla nisl. Nunc nisl.');
insert into authors (id, photo, slug, name, description) values (21, 'http://dummyimage.com/524x668.png/dddddd/000000', 'JeremiasRandal', 'Randal Jeremias', 'Aliquam augue quam, sollicitudin vitae, consectetuer eget, rutrum at, lorem. Integer tincidunt ante vel ipsum.');
insert into authors (id, photo, slug, name, description) values (22, 'http://dummyimage.com/524x668.png/dddddd/000000', 'JennineJoron', 'Joron Jennine', 'Nullam orci pede, venenatis non, sodales sed, tincidunt eu, felis. Fusce posuere felis sed lacus. Morbi sem mauris, laoreet ut, rhoncus aliquet, pulvinar sed, nisl. Nunc rhoncus dui vel sem. Sed sagittis. Nam congue, risus semper porta volutpat, quam pede lobortis ligula, sit amet eleifend pede libero quis orci. Nullam molestie nibh in lectus. Pellentesque at nulla. Suspendisse potenti.');
insert into authors (id, photo, slug, name, description) values (23, 'http://dummyimage.com/524x668.png/dddddd/000000', 'MajorScrimshire', 'Scrimshire Major', 'Pellentesque at nulla. Suspendisse potenti. Cras in purus eu magna vulputate luctus. Cum sociis natoque penatibus et magnis dis parturient montes, nascetur ridiculus mus. Vivamus vestibulum sagittis sapien. Cum sociis natoque penatibus et magnis dis parturient montes, nascetur ridiculus mus. Etiam vel augue.');
insert into authors (id, photo, slug, name, description) values (24, 'http://dummyimage.com/524x668.png/dddddd/000000', 'ErnestineYitzovitz', 'Yitzovitz Ernestine', 'Cras in purus eu magna vulputate luctus. Cum sociis natoque penatibus et magnis dis parturient montes, nascetur ridiculus mus. Vivamus vestibulum sagittis sapien. Cum sociis natoque penatibus et magnis dis parturient montes, nascetur ridiculus mus. Etiam vel augue. Vestibulum rutrum rutrum neque. Aenean auctor gravida sem.');
insert into authors (id, photo, slug, name, description) values (25, 'http://dummyimage.com/524x668.png/dddddd/000000', 'BartieFidler', 'Fidler Bartie', 'Suspendisse ornare consequat lectus. In est risus, auctor sed, tristique in, tempus sit amet, sem. Fusce consequat. Nulla nisl. Nunc nisl. Duis bibendum, felis sed interdum venenatis, turpis enim blandit mi, in porttitor pede justo eu massa. Donec dapibus. Duis at velit eu est congue elementum. In hac habitasse platea dictumst. Morbi vestibulum, velit id pretium iaculis, diam erat fermentum justo, nec condimentum neque sapien placerat ante.');
insert into authors (id, photo, slug, name, description) values (26, 'http://dummyimage.com/524x668.png/dddddd/000000', 'WinnyRenfrew', 'Renfrew Winny', 'Praesent blandit. Nam nulla. Integer pede justo, lacinia eget, tincidunt eget, tempus vel, pede.');
insert into authors (id, photo, slug, name, description) values (27, 'http://dummyimage.com/524x668.png/dddddd/000000', 'CaroJellis', 'Jellis Caro', 'Nulla tempus. Vivamus in felis eu sapien cursus vestibulum. Proin eu mi. Nulla ac enim. In tempor, turpis nec euismod scelerisque, quam turpis adipiscing lorem, vitae mattis nibh ligula nec sem. Duis aliquam convallis nunc. Proin at turpis a pede posuere nonummy. Integer non velit.');
insert into authors (id, photo, slug, name, description) values (28, 'http://dummyimage.com/524x668.png/dddddd/000000', 'AmelineGorry', 'Gorry Ameline', 'Vivamus vestibulum sagittis sapien.');
insert into authors (id, photo, slug, name, description) values (29, 'http://dummyimage.com/524x668.png/dddddd/000000', 'NoelSerrels', 'Serrels Noel', 'Donec vitae nisi. Nam ultrices, libero non mattis pulvinar, nulla pede ullamcorper augue, a suscipit nulla elit ac nulla. Sed vel enim sit amet nunc viverra dapibus. Nulla suscipit ligula in lacus. Curabitur at ipsum ac tellus semper interdum.');
insert into authors (id, photo, slug, name, description) values (30, 'http://dummyimage.com/524x668.png/dddddd/000000', 'DellVarah', 'Varah Dell', 'Morbi non lectus.');
insert into authors (id, photo, slug, name, description) values (31, 'http://dummyimage.com/524x668.png/dddddd/000000', 'ToreKennagh', 'Kennagh Tore', 'Nulla tellus. In sagittis dui vel nisl. Duis ac nibh. Fusce lacus purus, aliquet at, feugiat non, pretium quis, lectus. Suspendisse potenti. In eleifend quam a odio. In hac habitasse platea dictumst. Maecenas ut massa quis augue luctus tincidunt. Nulla mollis molestie lorem. Quisque ut erat.');
insert into authors (id, photo, slug, name, description) values (32, 'http://dummyimage.com/524x668.png/dddddd/000000', 'DillBotterill', 'Botterill Dill', 'Nulla tellus. In sagittis dui vel nisl. Duis ac nibh. Fusce lacus purus, aliquet at, feugiat non, pretium quis, lectus.');
insert into authors (id, photo, slug, name, description) values (33, 'http://dummyimage.com/524x668.png/dddddd/000000', 'EvelynJamblin', 'Jamblin Evelyn', 'Fusce posuere felis sed lacus. Morbi sem mauris, laoreet ut, rhoncus aliquet, pulvinar sed, nisl. Nunc rhoncus dui vel sem. Sed sagittis. Nam congue, risus semper porta volutpat, quam pede lobortis ligula, sit amet eleifend pede libero quis orci.');
insert into authors (id, photo, slug, name, description) values (34, 'http://dummyimage.com/524x668.png/dddddd/000000', 'EvenCruttenden', 'Cruttenden Even', 'Cras pellentesque volutpat dui. Maecenas tristique, est et tempus semper, est quam pharetra magna, ac consequat metus sapien ut nunc.');
insert into authors (id, photo, slug, name, description) values (35, 'http://dummyimage.com/524x668.png/dddddd/000000', 'FanchonGolsworthy', 'Golsworthy Fanchon', 'Nullam sit amet turpis elementum ligula vehicula consequat. Morbi a ipsum. Integer a nibh. In quis justo.');
insert into authors (id, photo, slug, name, description) values (36, 'http://dummyimage.com/524x668.png/dddddd/000000', 'NicholasCowe', 'Cowe Nicholas', 'Donec dapibus. Duis at velit eu est congue elementum. In hac habitasse platea dictumst. Morbi vestibulum, velit id pretium iaculis, diam erat fermentum justo, nec condimentum neque sapien placerat ante. Nulla justo. Aliquam quis turpis eget elit sodales scelerisque. Mauris sit amet eros. Suspendisse accumsan tortor quis turpis. Sed ante.');
insert into authors (id, photo, slug, name, description) values (37, 'http://dummyimage.com/524x668.png/dddddd/000000', 'GoldinaSimpole', 'Simpole Goldina', 'Cum sociis natoque penatibus et magnis dis parturient montes, nascetur ridiculus mus. Vivamus vestibulum sagittis sapien. Cum sociis natoque penatibus et magnis dis parturient montes, nascetur ridiculus mus. Etiam vel augue. Vestibulum rutrum rutrum neque.');



insert into book2author (id, book_id, author_id, sort_index) values (1, 1, 18, 0);
insert into book2author (id, book_id, author_id, sort_index) values (2, 2, 28, 0);
insert into book2author (id, book_id, author_id, sort_index) values (3, 3, 7, 0);
insert into book2author (id, book_id, author_id, sort_index) values (4, 4, 14, 0);
insert into book2author (id, book_id, author_id, sort_index) values (5, 5, 17, 0);
insert into book2author (id, book_id, author_id, sort_index) values (6, 6, 30, 0);
insert into book2author (id, book_id, author_id, sort_index) values (7, 7, 16, 0);
insert into book2author (id, book_id, author_id, sort_index) values (8, 8, 17, 0);
insert into book2author (id, book_id, author_id, sort_index) values (9, 9, 24, 0);
insert into book2author (id, book_id, author_id, sort_index) values (10, 10, 26, 0);
insert into book2author (id, book_id, author_id, sort_index) values (11, 11, 2, 0);
insert into book2author (id, book_id, author_id, sort_index) values (12, 12, 3, 0);
insert into book2author (id, book_id, author_id, sort_index) values (13, 13, 7, 0);
insert into book2author (id, book_id, author_id, sort_index) values (14, 14, 18, 0);
insert into book2author (id, book_id, author_id, sort_index) values (15, 15, 34, 0);
insert into book2author (id, book_id, author_id, sort_index) values (16, 16, 34, 0);
insert into book2author (id, book_id, author_id, sort_index) values (17, 17, 15, 0);
insert into book2author (id, book_id, author_id, sort_index) values (18, 18, 35, 0);
insert into book2author (id, book_id, author_id, sort_index) values (19, 19, 26, 0);
insert into book2author (id, book_id, author_id, sort_index) values (20, 20, 12, 0);
insert into book2author (id, book_id, author_id, sort_index) values (21, 21, 26, 0);
insert into book2author (id, book_id, author_id, sort_index) values (22, 22, 15, 0);
insert into book2author (id, book_id, author_id, sort_index) values (23, 23, 8, 0);
insert into book2author (id, book_id, author_id, sort_index) values (24, 24, 36, 0);
insert into book2author (id, book_id, author_id, sort_index) values (25, 25, 2, 0);
insert into book2author (id, book_id, author_id, sort_index) values (26, 26, 23, 0);
insert into book2author (id, book_id, author_id, sort_index) values (27, 27, 12, 0);
insert into book2author (id, book_id, author_id, sort_index) values (28, 28, 11, 0);
insert into book2author (id, book_id, author_id, sort_index) values (29, 29, 23, 0);
insert into book2author (id, book_id, author_id, sort_index) values (30, 30, 25, 0);
insert into book2author (id, book_id, author_id, sort_index) values (31, 31, 13, 0);
insert into book2author (id, book_id, author_id, sort_index) values (32, 32, 13, 0);
insert into book2author (id, book_id, author_id, sort_index) values (33, 33, 3, 0);
insert into book2author (id, book_id, author_id, sort_index) values (34, 34, 32, 0);
insert into book2author (id, book_id, author_id, sort_index) values (35, 35, 15, 0);
insert into book2author (id, book_id, author_id, sort_index) values (36, 36, 24, 0);
insert into book2author (id, book_id, author_id, sort_index) values (37, 37, 2, 0);
insert into book2author (id, book_id, author_id, sort_index) values (38, 38, 33, 0);
insert into book2author (id, book_id, author_id, sort_index) values (39, 39, 10, 0);
insert into book2author (id, book_id, author_id, sort_index) values (40, 40, 29, 0);
insert into book2author (id, book_id, author_id, sort_index) values (41, 41, 33, 0);
insert into book2author (id, book_id, author_id, sort_index) values (42, 42, 9, 0);
insert into book2author (id, book_id, author_id, sort_index) values (43, 43, 13, 0);
insert into book2author (id, book_id, author_id, sort_index) values (44, 44, 31, 0);
insert into book2author (id, book_id, author_id, sort_index) values (45, 45, 35, 0);
insert into book2author (id, book_id, author_id, sort_index) values (46, 46, 14, 0);
insert into book2author (id, book_id, author_id, sort_index) values (47, 47, 9, 0);
insert into book2author (id, book_id, author_id, sort_index) values (48, 48, 18, 0);
insert into book2author (id, book_id, author_id, sort_index) values (49, 49, 18, 0);
insert into book2author (id, book_id, author_id, sort_index) values (50, 50, 17, 0);
insert into book2author (id, book_id, author_id, sort_index) values (51, 51, 34, 0);
insert into book2author (id, book_id, author_id, sort_index) values (52, 52, 25, 0);
insert into book2author (id, book_id, author_id, sort_index) values (53, 53, 16, 0);
insert into book2author (id, book_id, author_id, sort_index) values (54, 54, 12, 0);
insert into book2author (id, book_id, author_id, sort_index) values (55, 55, 17, 0);
insert into book2author (id, book_id, author_id, sort_index) values (56, 56, 11, 0);
insert into book2author (id, book_id, author_id, sort_index) values (57, 57, 25, 0);
insert into book2author (id, book_id, author_id, sort_index) values (58, 58, 20, 0);
insert into book2author (id, book_id, author_id, sort_index) values (59, 59, 18, 0);
insert into book2author (id, book_id, author_id, sort_index) values (60, 60, 29, 0);
insert into book2author (id, book_id, author_id, sort_index) values (61, 61, 29, 0);
insert into book2author (id, book_id, author_id, sort_index) values (62, 62, 1, 0);
insert into book2author (id, book_id, author_id, sort_index) values (63, 63, 15, 0);
insert into book2author (id, book_id, author_id, sort_index) values (64, 64, 34, 0);
insert into book2author (id, book_id, author_id, sort_index) values (65, 65, 1, 0);
insert into book2author (id, book_id, author_id, sort_index) values (66, 66, 17, 0);
insert into book2author (id, book_id, author_id, sort_index) values (67, 67, 25, 0);
insert into book2author (id, book_id, author_id, sort_index) values (68, 68, 11, 0);
insert into book2author (id, book_id, author_id, sort_index) values (69, 69, 12, 0);
insert into book2author (id, book_id, author_id, sort_index) values (70, 70, 27, 0);
insert into book2author (id, book_id, author_id, sort_index) values (71, 71, 23, 0);
insert into book2author (id, book_id, author_id, sort_index) values (72, 72, 36, 0);
insert into book2author (id, book_id, author_id, sort_index) values (73, 73, 17, 0);



insert into users (id, hash, reg_time, balance, name) values (1, '1133900844', '2/3/2021', 120, 'rcushelly0');
insert into users (id, hash, reg_time, balance, name) values (2, '6137410110', '2/11/2019', 105, 'rdello1');
insert into users (id, hash, reg_time, balance, name) values (3, '0008403457', '2/5/2019', 278, 'dkingstne2');
insert into users (id, hash, reg_time, balance, name) values (4, '0131888617', '18/5/2020', 209, 'ejirek3');
insert into users (id, hash, reg_time, balance, name) values (5, '6146153605', '26/2/2021', 264, 'bbraunle4');
insert into users (id, hash, reg_time, balance, name) values (6, '7229543789', '15/11/2019', 152, 'kvasquez5');
insert into users (id, hash, reg_time, balance, name) values (7, '1525301470', '20/11/2019', 151, 'cizakof6');
insert into users (id, hash, reg_time, balance, name) values (8, '4781897045', '18/11/2019', 265, 'mbingley7');
insert into users (id, hash, reg_time, balance, name) values (9, '8835417570', '2/9/2019', 247, 'gcorkett8');
insert into users (id, hash, reg_time, balance, name) values (10, '3102178642', '30/12/2019', 161, 'rlegister9');
insert into users (id, hash, reg_time, balance, name) values (11, '2965007407', '23/5/2019', 89, 'aowttrima');
insert into users (id, hash, reg_time, balance, name) values (12, '4794833407', '6/2/2021', 268, 'ttrunbyb');
insert into users (id, hash, reg_time, balance, name) values (13, '6386510410', '23/4/2019', 205, 'imacgruerc');
insert into users (id, hash, reg_time, balance, name) values (14, '8473423143', '18/4/2019', 125, 'mgosnelld');
insert into users (id, hash, reg_time, balance, name) values (15, '5027985975', '12/8/2019', 296, 'dsouthwoode');
insert into users (id, hash, reg_time, balance, name) values (16, '8337906065', '31/12/2020', 82, 'jheywardf');
insert into users (id, hash, reg_time, balance, name) values (17, '2084008972', '10/3/2020', 178, 'rdisleyg');
insert into users (id, hash, reg_time, balance, name) values (18, '5376236102', '3/4/2019', 81, 'afakeh');
insert into users (id, hash, reg_time, balance, name) values (19, '3600565974', '15/1/2021', 58, 'jbonifazioi');
insert into users (id, hash, reg_time, balance, name) values (20, '4688125232', '27/8/2019', 236, 'jpomfreyj');
insert into users (id, hash, reg_time, balance, name) values (21, '4626020852', '8/5/2019', 227, 'mlammerichk');
insert into users (id, hash, reg_time, balance, name) values (22, '9796864770', '24/11/2020', 5, 'cmurrishl');
insert into users (id, hash, reg_time, balance, name) values (23, '4382283159', '14/8/2020', 262, 'ghackingem');
insert into users (id, hash, reg_time, balance, name) values (24, '6072067344', '8/8/2020', 48, 'gbernhardssonn');
insert into users (id, hash, reg_time, balance, name) values (25, '8002087038', '13/1/2021', 215, 'lnaryo');
insert into users (id, hash, reg_time, balance, name) values (26, '0806398582', '1/2/2020', 147, 'ddavidssonp');
insert into users (id, hash, reg_time, balance, name) values (27, '9580141304', '9/7/2019', 167, 'teyersq');
insert into users (id, hash, reg_time, balance, name) values (28, '4238199588', '26/2/2021', 228, 'ngillinor');
insert into users (id, hash, reg_time, balance, name) values (29, '9026741790', '10/8/2019', 106, 'etoths');
insert into users (id, hash, reg_time, balance, name) values (30, '3503410074', '11/5/2019', 128, 'vbertsont');
insert into users (id, hash, reg_time, balance, name) values (31, '1877634379', '18/9/2019', 251, 'squaifu');
insert into users (id, hash, reg_time, balance, name) values (32, '0539599328', '7/5/2019', 12, 'rdoyleyv');
insert into users (id, hash, reg_time, balance, name) values (33, '8831783920', '18/2/2021', 266, 'abertouloumew');
insert into users (id, hash, reg_time, balance, name) values (34, '6615768151', '21/2/2020', 149, 'ccardinalex');
insert into users (id, hash, reg_time, balance, name) values (35, '2846199191', '7/6/2019', 277, 'cripleyy');
insert into users (id, hash, reg_time, balance, name) values (36, '3297188529', '27/7/2020', 263, 'jkealeyz');
insert into users (id, hash, reg_time, balance, name) values (37, '6651650149', '25/10/2019', 170, 'cdanielli10');
insert into users (id, hash, reg_time, balance, name) values (38, '7985548300', '23/5/2020', 134, 'rshimwell11');
insert into users (id, hash, reg_time, balance, name) values (39, '6116954170', '1/1/2021', 163, 'hadderson12');
insert into users (id, hash, reg_time, balance, name) values (40, '0765898896', '28/12/2020', 273, 'kdivell13');
insert into users (id, hash, reg_time, balance, name) values (41, '7874284720', '11/6/2019', 243, 'cmckendo14');
insert into users (id, hash, reg_time, balance, name) values (42, '0168472775', '10/11/2020', 2, 'tshelmerdine15');
insert into users (id, hash, reg_time, balance, name) values (43, '6427735101', '12/3/2020', 156, 'mspinello16');
insert into users (id, hash, reg_time, balance, name) values (44, '5983472046', '26/8/2020', 279, 'skeslake17');
insert into users (id, hash, reg_time, balance, name) values (45, '1423364503', '13/6/2020', 26, 'aingre18');
insert into users (id, hash, reg_time, balance, name) values (46, '2762441781', '30/3/2020', 167, 'jeckford19');
insert into users (id, hash, reg_time, balance, name) values (47, '3198995272', '7/8/2020', 238, 'jislep1a');
insert into users (id, hash, reg_time, balance, name) values (48, '5442252549', '28/12/2019', 61, 'bhonnan1b');
insert into users (id, hash, reg_time, balance, name) values (49, '4361299196', '26/8/2019', 222, 'jlowndsbrough1c');
insert into users (id, hash, reg_time, balance, name) values (50, '4314675128', '15/12/2020', 259, 'ddursley1d');
insert into users (id, hash, reg_time, balance, name) values (51, '3838146891', '10/6/2020', 97, 'boxenbury1e');
insert into users (id, hash, reg_time, balance, name) values (52, '9390753538', '4/8/2020', 41, 'dpingston1f');
insert into users (id, hash, reg_time, balance, name) values (53, '7126827938', '14/10/2019', 159, 'dgraeber1g');
insert into users (id, hash, reg_time, balance, name) values (54, '1551207923', '13/10/2019', 271, 'msher1h');
insert into users (id, hash, reg_time, balance, name) values (55, '2042538167', '7/9/2019', 19, 'wpawle1i');
insert into users (id, hash, reg_time, balance, name) values (56, '4343314863', '3/11/2019', 97, 'jhyder1j');
insert into users (id, hash, reg_time, balance, name) values (57, '3983106048', '19/6/2020', 49, 'elalevee1k');
insert into users (id, hash, reg_time, balance, name) values (58, '2567900861', '27/8/2020', 144, 'dmcardell1l');
insert into users (id, hash, reg_time, balance, name) values (59, '4580934490', '9/6/2019', 176, 'lchinn1m');
insert into users (id, hash, reg_time, balance, name) values (60, '6245484642', '22/1/2021', 201, 'dsyrad1n');
insert into users (id, hash, reg_time, balance, name) values (61, '9845247962', '24/3/2020', 266, 'ddeeves1o');
insert into users (id, hash, reg_time, balance, name) values (62, '6230446391', '11/11/2020', 92, 'pvogel1p');
insert into users (id, hash, reg_time, balance, name) values (63, '4496424789', '14/7/2019', 150, 'bogormley1q');
insert into users (id, hash, reg_time, balance, name) values (64, '2431811700', '4/10/2020', 131, 'msheridan1r');
insert into users (id, hash, reg_time, balance, name) values (65, '7595694019', '1/9/2019', 104, 'dguilloud1s');
insert into users (id, hash, reg_time, balance, name) values (66, '8108104343', '3/9/2019', 41, 'pdavitt1t');
insert into users (id, hash, reg_time, balance, name) values (67, '1106089286', '11/8/2019', 246, 'rsommerled1u');
insert into users (id, hash, reg_time, balance, name) values (68, '2395164658', '5/7/2019', 162, 'mcouper1v');
insert into users (id, hash, reg_time, balance, name) values (69, '7821709506', '12/8/2019', 120, 'kcapel1w');
insert into users (id, hash, reg_time, balance, name) values (70, '5413241321', '29/9/2019', 287, 'oharrema1x');
insert into users (id, hash, reg_time, balance, name) values (71, '8126389621', '28/10/2019', 249, 'dstrutton1y');
insert into users (id, hash, reg_time, balance, name) values (72, '6863648253', '13/12/2020', 191, 'fgergus1z');
insert into users (id, hash, reg_time, balance, name) values (73, '9647209568', '8/4/2019', 218, 'rdewfall20');
insert into users (id, hash, reg_time, balance, name) values (74, '4004097754', '21/4/2019', 60, 'acrevagh21');
insert into users (id, hash, reg_time, balance, name) values (75, '0012303917', '29/10/2019', 160, 'qripping22');
insert into users (id, hash, reg_time, balance, name) values (76, '2288322527', '11/7/2019', 46, 'cgarvan23');
insert into users (id, hash, reg_time, balance, name) values (77, '0186339615', '20/9/2020', 220, 'bkettlestringes24');
insert into users (id, hash, reg_time, balance, name) values (78, '8403416490', '14/1/2021', 25, 'egahagan25');
insert into users (id, hash, reg_time, balance, name) values (79, '0375161813', '15/1/2021', 272, 'glawrinson26');
insert into users (id, hash, reg_time, balance, name) values (80, '6003327030', '23/10/2020', 190, 'ssmardon27');
insert into users (id, hash, reg_time, balance, name) values (81, '7154378808', '26/12/2020', 72, 'mmatzaitis28');
insert into users (id, hash, reg_time, balance, name) values (82, '2482086477', '24/11/2019', 117, 'gshrieve29');
insert into users (id, hash, reg_time, balance, name) values (83, '5924740897', '2/6/2020', 284, 'ccopas2a');
insert into users (id, hash, reg_time, balance, name) values (84, '8190934767', '19/11/2019', 10, 'mstoade2b');
insert into users (id, hash, reg_time, balance, name) values (85, '7824949133', '1/12/2019', 98, 'jpetric2c');
insert into users (id, hash, reg_time, balance, name) values (86, '9238257035', '17/9/2019', 236, 'eriglar2d');
insert into users (id, hash, reg_time, balance, name) values (87, '2216288586', '22/7/2020', 3, 'rcolleford2e');
insert into users (id, hash, reg_time, balance, name) values (88, '3037196688', '25/10/2019', 4, 'bgoodyear2f');
insert into users (id, hash, reg_time, balance, name) values (89, '5204950478', '5/2/2020', 248, 'bmongenot2g');
insert into users (id, hash, reg_time, balance, name) values (90, '4650424097', '20/2/2020', 160, 'karrington2h');
insert into users (id, hash, reg_time, balance, name) values (91, '8166549271', '10/5/2019', 153, 'spersey2i');
insert into users (id, hash, reg_time, balance, name) values (92, '6661363010', '19/5/2020', 27, 'dfletcher2j');
insert into users (id, hash, reg_time, balance, name) values (93, '7816544383', '1/9/2019', 28, 'pmadle2k');
insert into users (id, hash, reg_time, balance, name) values (94, '2496620551', '23/7/2019', 177, 'efort2l');
insert into users (id, hash, reg_time, balance, name) values (95, '7533657292', '7/12/2019', 239, 'nmccolm2m');
insert into users (id, hash, reg_time, balance, name) values (96, '9622417221', '23/9/2019', 86, 'cgunning2n');
insert into users (id, hash, reg_time, balance, name) values (97, '3409264337', '24/2/2020', 268, 'tfilippazzo2o');
insert into users (id, hash, reg_time, balance, name) values (98, '1475601751', '10/1/2020', 259, 'otadd2p');
insert into users (id, hash, reg_time, balance, name) values (99, '0454173482', '15/4/2020', 272, 'rtreend2q');
insert into users (id, hash, reg_time, balance, name) values (100, '4745545274', '2/6/2019', 36, 'ybenning2r');



insert into book_reviews (id, book_id, user_id, time, text) values (1, 58, 23, '7/5/2019', 'Donec vitae nisi. Nam ultrices, libero non mattis pulvinar, nulla pede ullamcorper augue, a suscipit nulla elit ac nulla.');
insert into book_reviews (id, book_id, user_id, time, text) values (2, 13, 56, '2/4/2019', 'Suspendisse potenti. In eleifend quam a odio.');
insert into book_reviews (id, book_id, user_id, time, text) values (3, 68, 9, '9/3/2020', 'Praesent blandit lacinia erat. Vestibulum sed magna at nunc commodo placerat. Praesent blandit. Nam nulla. Integer pede justo, lacinia eget, tincidunt eget, tempus vel, pede. Morbi porttitor lorem id ligula. Suspendisse ornare consequat lectus. In est risus, auctor sed, tristique in, tempus sit amet, sem. Fusce consequat. Nulla nisl. Nunc nisl. Duis bibendum, felis sed interdum venenatis, turpis enim blandit mi, in porttitor pede justo eu massa.');
insert into book_reviews (id, book_id, user_id, time, text) values (4, 39, 32, '8/3/2020', 'Ut tellus. Nulla ut erat id mauris vulputate elementum. Nullam varius. Nulla facilisi. Cras non velit nec nisi vulputate nonummy. Maecenas tincidunt lacus at velit. Vivamus vel nulla eget eros elementum pellentesque. Quisque porta volutpat erat. Quisque erat eros, viverra eget, congue eget, semper rutrum, nulla.');
insert into book_reviews (id, book_id, user_id, time, text) values (5, 19, 23, '30/3/2019', 'Integer ac leo. Pellentesque ultrices mattis odio. Donec vitae nisi. Nam ultrices, libero non mattis pulvinar, nulla pede ullamcorper augue, a suscipit nulla elit ac nulla. Sed vel enim sit amet nunc viverra dapibus. Nulla suscipit ligula in lacus. Curabitur at ipsum ac tellus semper interdum. Mauris ullamcorper purus sit amet nulla. Quisque arcu libero, rutrum ac, lobortis vel, dapibus at, diam. Nam tristique tortor eu pede.');
insert into book_reviews (id, book_id, user_id, time, text) values (6, 70, 55, '7/4/2020', 'Morbi vel lectus in quam fringilla rhoncus. Mauris enim leo, rhoncus sed, vestibulum sit amet, cursus id, turpis. Integer aliquet, massa id lobortis convallis, tortor risus dapibus augue, vel accumsan tellus nisi eu orci. Mauris lacinia sapien quis libero. Nullam sit amet turpis elementum ligula vehicula consequat. Morbi a ipsum.');
insert into book_reviews (id, book_id, user_id, time, text) values (7, 43, 34, '1/5/2020', 'Duis consequat dui nec nisi volutpat eleifend. Donec ut dolor. Morbi vel lectus in quam fringilla rhoncus. Mauris enim leo, rhoncus sed, vestibulum sit amet, cursus id, turpis. Integer aliquet, massa id lobortis convallis, tortor risus dapibus augue, vel accumsan tellus nisi eu orci. Mauris lacinia sapien quis libero. Nullam sit amet turpis elementum ligula vehicula consequat. Morbi a ipsum. Integer a nibh. In quis justo. Maecenas rhoncus aliquam lacus. Morbi quis tortor id nulla ultrices aliquet. Maecenas leo odio, condimentum id, luctus nec, molestie sed, justo. Pellentesque viverra pede ac diam. Cras pellentesque volutpat dui. Maecenas tristique, est et tempus semper, est quam pharetra magna, ac consequat metus sapien ut nunc. Vestibulum ante ipsum primis in faucibus orci luctus et ultrices posuere cubilia Curae; Mauris viverra diam vitae quam. Suspendisse potenti.');
insert into book_reviews (id, book_id, user_id, time, text) values (8, 47, 32, '18/10/2019', 'Etiam faucibus cursus urna. Ut tellus. Nulla ut erat id mauris vulputate elementum. Nullam varius. Nulla facilisi. Cras non velit nec nisi vulputate nonummy. Maecenas tincidunt lacus at velit. Vivamus vel nulla eget eros elementum pellentesque. Quisque porta volutpat erat. Quisque erat eros, viverra eget, congue eget, semper rutrum, nulla. Nunc purus. Phasellus in felis. Donec semper sapien a libero. Nam dui.');
insert into book_reviews (id, book_id, user_id, time, text) values (9, 5, 31, '31/10/2020', 'Integer non velit. Donec diam neque, vestibulum eget, vulputate ut, ultrices vel, augue. Vestibulum ante ipsum primis in faucibus orci luctus et ultrices posuere cubilia Curae; Donec pharetra, magna vestibulum aliquet ultrices, erat tortor sollicitudin mi, sit amet lobortis sapien sapien non mi. Integer ac neque. Duis bibendum. Morbi non quam nec dui luctus rutrum. Nulla tellus. In sagittis dui vel nisl. Duis ac nibh. Fusce lacus purus, aliquet at, feugiat non, pretium quis, lectus. Suspendisse potenti. In eleifend quam a odio. In hac habitasse platea dictumst. Maecenas ut massa quis augue luctus tincidunt. Nulla mollis molestie lorem. Quisque ut erat. Curabitur gravida nisi at nibh. In hac habitasse platea dictumst. Aliquam augue quam, sollicitudin vitae, consectetuer eget, rutrum at, lorem. Integer tincidunt ante vel ipsum.');
insert into book_reviews (id, book_id, user_id, time, text) values (10, 15, 72, '31/10/2019', 'Nullam varius. Nulla facilisi. Cras non velit nec nisi vulputate nonummy. Maecenas tincidunt lacus at velit. Vivamus vel nulla eget eros elementum pellentesque. Quisque porta volutpat erat. Quisque erat eros, viverra eget, congue eget, semper rutrum, nulla. Nunc purus. Phasellus in felis.');
insert into book_reviews (id, book_id, user_id, time, text) values (11, 35, 46, '9/6/2020', 'Cras mi pede, malesuada in, imperdiet et, commodo vulputate, justo. In blandit ultrices enim. Lorem ipsum dolor sit amet, consectetuer adipiscing elit.');
insert into book_reviews (id, book_id, user_id, time, text) values (12, 5, 36, '5/1/2021', 'Morbi vel lectus in quam fringilla rhoncus. Mauris enim leo, rhoncus sed, vestibulum sit amet, cursus id, turpis. Integer aliquet, massa id lobortis convallis, tortor risus dapibus augue, vel accumsan tellus nisi eu orci. Mauris lacinia sapien quis libero. Nullam sit amet turpis elementum ligula vehicula consequat. Morbi a ipsum. Integer a nibh. In quis justo. Maecenas rhoncus aliquam lacus. Morbi quis tortor id nulla ultrices aliquet. Maecenas leo odio, condimentum id, luctus nec, molestie sed, justo. Pellentesque viverra pede ac diam. Cras pellentesque volutpat dui.');
insert into book_reviews (id, book_id, user_id, time, text) values (13, 26, 71, '10/7/2020', 'Integer non velit. Donec diam neque, vestibulum eget, vulputate ut, ultrices vel, augue. Vestibulum ante ipsum primis in faucibus orci luctus et ultrices posuere cubilia Curae; Donec pharetra, magna vestibulum aliquet ultrices, erat tortor sollicitudin mi, sit amet lobortis sapien sapien non mi. Integer ac neque. Duis bibendum. Morbi non quam nec dui luctus rutrum. Nulla tellus. In sagittis dui vel nisl. Duis ac nibh. Fusce lacus purus, aliquet at, feugiat non, pretium quis, lectus. Suspendisse potenti. In eleifend quam a odio. In hac habitasse platea dictumst.');
insert into book_reviews (id, book_id, user_id, time, text) values (14, 48, 97, '17/8/2020', 'Integer ac neque. Duis bibendum. Morbi non quam nec dui luctus rutrum. Nulla tellus. In sagittis dui vel nisl. Duis ac nibh.');
insert into book_reviews (id, book_id, user_id, time, text) values (15, 38, 10, '13/9/2019', 'Aliquam sit amet diam in magna bibendum imperdiet.');
insert into book_reviews (id, book_id, user_id, time, text) values (16, 66, 24, '25/5/2019', 'Duis consequat dui nec nisi volutpat eleifend. Donec ut dolor. Morbi vel lectus in quam fringilla rhoncus. Mauris enim leo, rhoncus sed, vestibulum sit amet, cursus id, turpis. Integer aliquet, massa id lobortis convallis, tortor risus dapibus augue, vel accumsan tellus nisi eu orci. Mauris lacinia sapien quis libero. Nullam sit amet turpis elementum ligula vehicula consequat. Morbi a ipsum. Integer a nibh. In quis justo. Maecenas rhoncus aliquam lacus. Morbi quis tortor id nulla ultrices aliquet. Maecenas leo odio, condimentum id, luctus nec, molestie sed, justo. Pellentesque viverra pede ac diam. Cras pellentesque volutpat dui. Maecenas tristique, est et tempus semper, est quam pharetra magna, ac consequat metus sapien ut nunc. Vestibulum ante ipsum primis in faucibus orci luctus et ultrices posuere cubilia Curae; Mauris viverra diam vitae quam. Suspendisse potenti. Nullam porttitor lacus at turpis.');
insert into book_reviews (id, book_id, user_id, time, text) values (17, 65, 73, '18/2/2020', 'In hac habitasse platea dictumst. Aliquam augue quam, sollicitudin vitae, consectetuer eget, rutrum at, lorem. Integer tincidunt ante vel ipsum. Praesent blandit lacinia erat. Vestibulum sed magna at nunc commodo placerat. Praesent blandit. Nam nulla. Integer pede justo, lacinia eget, tincidunt eget, tempus vel, pede. Morbi porttitor lorem id ligula. Suspendisse ornare consequat lectus. In est risus, auctor sed, tristique in, tempus sit amet, sem. Fusce consequat. Nulla nisl. Nunc nisl.');
insert into book_reviews (id, book_id, user_id, time, text) values (18, 21, 62, '17/2/2021', 'Phasellus sit amet erat. Nulla tempus. Vivamus in felis eu sapien cursus vestibulum. Proin eu mi. Nulla ac enim. In tempor, turpis nec euismod scelerisque, quam turpis adipiscing lorem, vitae mattis nibh ligula nec sem. Duis aliquam convallis nunc. Proin at turpis a pede posuere nonummy. Integer non velit. Donec diam neque, vestibulum eget, vulputate ut, ultrices vel, augue. Vestibulum ante ipsum primis in faucibus orci luctus et ultrices posuere cubilia Curae; Donec pharetra, magna vestibulum aliquet ultrices, erat tortor sollicitudin mi, sit amet lobortis sapien sapien non mi. Integer ac neque. Duis bibendum. Morbi non quam nec dui luctus rutrum. Nulla tellus. In sagittis dui vel nisl.');
insert into book_reviews (id, book_id, user_id, time, text) values (19, 42, 99, '4/2/2021', 'Praesent blandit lacinia erat. Vestibulum sed magna at nunc commodo placerat. Praesent blandit. Nam nulla. Integer pede justo, lacinia eget, tincidunt eget, tempus vel, pede. Morbi porttitor lorem id ligula. Suspendisse ornare consequat lectus. In est risus, auctor sed, tristique in, tempus sit amet, sem. Fusce consequat. Nulla nisl. Nunc nisl. Duis bibendum, felis sed interdum venenatis, turpis enim blandit mi, in porttitor pede justo eu massa. Donec dapibus. Duis at velit eu est congue elementum.');
insert into book_reviews (id, book_id, user_id, time, text) values (20, 11, 44, '19/12/2019', 'Mauris enim leo, rhoncus sed, vestibulum sit amet, cursus id, turpis. Integer aliquet, massa id lobortis convallis, tortor risus dapibus augue, vel accumsan tellus nisi eu orci. Mauris lacinia sapien quis libero. Nullam sit amet turpis elementum ligula vehicula consequat. Morbi a ipsum. Integer a nibh. In quis justo. Maecenas rhoncus aliquam lacus. Morbi quis tortor id nulla ultrices aliquet. Maecenas leo odio, condimentum id, luctus nec, molestie sed, justo. Pellentesque viverra pede ac diam. Cras pellentesque volutpat dui. Maecenas tristique, est et tempus semper, est quam pharetra magna, ac consequat metus sapien ut nunc. Vestibulum ante ipsum primis in faucibus orci luctus et ultrices posuere cubilia Curae; Mauris viverra diam vitae quam. Suspendisse potenti.');
insert into book_reviews (id, book_id, user_id, time, text) values (21, 55, 84, '20/10/2020', 'Cras pellentesque volutpat dui. Maecenas tristique, est et tempus semper, est quam pharetra magna, ac consequat metus sapien ut nunc.');
insert into book_reviews (id, book_id, user_id, time, text) values (22, 41, 65, '10/12/2019', 'Praesent blandit. Nam nulla. Integer pede justo, lacinia eget, tincidunt eget, tempus vel, pede. Morbi porttitor lorem id ligula. Suspendisse ornare consequat lectus. In est risus, auctor sed, tristique in, tempus sit amet, sem. Fusce consequat.');
insert into book_reviews (id, book_id, user_id, time, text) values (23, 64, 98, '10/8/2019', 'Lorem ipsum dolor sit amet, consectetuer adipiscing elit. Proin risus. Praesent lectus. Vestibulum quam sapien, varius ut, blandit non, interdum in, ante. Vestibulum ante ipsum primis in faucibus orci luctus et ultrices posuere cubilia Curae; Duis faucibus accumsan odio. Curabitur convallis.');
insert into book_reviews (id, book_id, user_id, time, text) values (24, 12, 86, '16/3/2019', 'Aenean auctor gravida sem. Praesent id massa id nisl venenatis lacinia. Aenean sit amet justo.');
insert into book_reviews (id, book_id, user_id, time, text) values (25, 13, 68, '1/2/2021', 'Aenean auctor gravida sem. Praesent id massa id nisl venenatis lacinia. Aenean sit amet justo. Morbi ut odio. Cras mi pede, malesuada in, imperdiet et, commodo vulputate, justo. In blandit ultrices enim. Lorem ipsum dolor sit amet, consectetuer adipiscing elit. Proin interdum mauris non ligula pellentesque ultrices. Phasellus id sapien in sapien iaculis congue. Vivamus metus arcu, adipiscing molestie, hendrerit at, vulputate vitae, nisl. Aenean lectus. Pellentesque eget nunc. Donec quis orci eget orci vehicula condimentum. Curabitur in libero ut massa volutpat convallis. Morbi odio odio, elementum eu, interdum eu, tincidunt in, leo. Maecenas pulvinar lobortis est. Phasellus sit amet erat. Nulla tempus. Vivamus in felis eu sapien cursus vestibulum. Proin eu mi.');
insert into book_reviews (id, book_id, user_id, time, text) values (26, 13, 28, '29/9/2019', 'Cras pellentesque volutpat dui. Maecenas tristique, est et tempus semper, est quam pharetra magna, ac consequat metus sapien ut nunc. Vestibulum ante ipsum primis in faucibus orci luctus et ultrices posuere cubilia Curae; Mauris viverra diam vitae quam. Suspendisse potenti. Nullam porttitor lacus at turpis. Donec posuere metus vitae ipsum. Aliquam non mauris. Morbi non lectus. Aliquam sit amet diam in magna bibendum imperdiet.');
insert into book_reviews (id, book_id, user_id, time, text) values (27, 3, 94, '12/10/2020', 'Nunc rhoncus dui vel sem. Sed sagittis. Nam congue, risus semper porta volutpat, quam pede lobortis ligula, sit amet eleifend pede libero quis orci. Nullam molestie nibh in lectus. Pellentesque at nulla. Suspendisse potenti. Cras in purus eu magna vulputate luctus. Cum sociis natoque penatibus et magnis dis parturient montes, nascetur ridiculus mus. Vivamus vestibulum sagittis sapien. Cum sociis natoque penatibus et magnis dis parturient montes, nascetur ridiculus mus. Etiam vel augue.');
insert into book_reviews (id, book_id, user_id, time, text) values (28, 8, 66, '1/10/2020', 'Suspendisse potenti. Nullam porttitor lacus at turpis. Donec posuere metus vitae ipsum. Aliquam non mauris. Morbi non lectus. Aliquam sit amet diam in magna bibendum imperdiet. Nullam orci pede, venenatis non, sodales sed, tincidunt eu, felis. Fusce posuere felis sed lacus. Morbi sem mauris, laoreet ut, rhoncus aliquet, pulvinar sed, nisl. Nunc rhoncus dui vel sem. Sed sagittis. Nam congue, risus semper porta volutpat, quam pede lobortis ligula, sit amet eleifend pede libero quis orci. Nullam molestie nibh in lectus. Pellentesque at nulla. Suspendisse potenti. Cras in purus eu magna vulputate luctus. Cum sociis natoque penatibus et magnis dis parturient montes, nascetur ridiculus mus. Vivamus vestibulum sagittis sapien.');
insert into book_reviews (id, book_id, user_id, time, text) values (29, 33, 4, '16/7/2019', 'Nunc purus. Phasellus in felis. Donec semper sapien a libero. Nam dui. Proin leo odio, porttitor id, consequat in, consequat ut, nulla. Sed accumsan felis. Ut at dolor quis odio consequat varius. Integer ac leo. Pellentesque ultrices mattis odio. Donec vitae nisi. Nam ultrices, libero non mattis pulvinar, nulla pede ullamcorper augue, a suscipit nulla elit ac nulla. Sed vel enim sit amet nunc viverra dapibus.');
insert into book_reviews (id, book_id, user_id, time, text) values (30, 32, 33, '3/8/2020', 'Nulla facilisi. Cras non velit nec nisi vulputate nonummy. Maecenas tincidunt lacus at velit. Vivamus vel nulla eget eros elementum pellentesque. Quisque porta volutpat erat. Quisque erat eros, viverra eget, congue eget, semper rutrum, nulla. Nunc purus. Phasellus in felis. Donec semper sapien a libero. Nam dui. Proin leo odio, porttitor id, consequat in, consequat ut, nulla. Sed accumsan felis. Ut at dolor quis odio consequat varius. Integer ac leo. Pellentesque ultrices mattis odio. Donec vitae nisi. Nam ultrices, libero non mattis pulvinar, nulla pede ullamcorper augue, a suscipit nulla elit ac nulla.');
insert into book_reviews (id, book_id, user_id, time, text) values (31, 73, 28, '20/8/2020', 'Phasellus in felis.');
insert into book_reviews (id, book_id, user_id, time, text) values (32, 28, 26, '16/9/2020', 'Nulla nisl. Nunc nisl. Duis bibendum, felis sed interdum venenatis, turpis enim blandit mi, in porttitor pede justo eu massa. Donec dapibus. Duis at velit eu est congue elementum. In hac habitasse platea dictumst. Morbi vestibulum, velit id pretium iaculis, diam erat fermentum justo, nec condimentum neque sapien placerat ante. Nulla justo. Aliquam quis turpis eget elit sodales scelerisque. Mauris sit amet eros. Suspendisse accumsan tortor quis turpis. Sed ante. Vivamus tortor. Duis mattis egestas metus.');
insert into book_reviews (id, book_id, user_id, time, text) values (33, 32, 39, '21/4/2020', 'Duis at velit eu est congue elementum. In hac habitasse platea dictumst. Morbi vestibulum, velit id pretium iaculis, diam erat fermentum justo, nec condimentum neque sapien placerat ante.');
insert into book_reviews (id, book_id, user_id, time, text) values (34, 68, 24, '23/3/2020', 'Etiam vel augue. Vestibulum rutrum rutrum neque. Aenean auctor gravida sem. Praesent id massa id nisl venenatis lacinia.');
insert into book_reviews (id, book_id, user_id, time, text) values (35, 7, 86, '9/2/2021', 'In quis justo. Maecenas rhoncus aliquam lacus. Morbi quis tortor id nulla ultrices aliquet. Maecenas leo odio, condimentum id, luctus nec, molestie sed, justo. Pellentesque viverra pede ac diam. Cras pellentesque volutpat dui. Maecenas tristique, est et tempus semper, est quam pharetra magna, ac consequat metus sapien ut nunc. Vestibulum ante ipsum primis in faucibus orci luctus et ultrices posuere cubilia Curae; Mauris viverra diam vitae quam. Suspendisse potenti. Nullam porttitor lacus at turpis. Donec posuere metus vitae ipsum. Aliquam non mauris. Morbi non lectus. Aliquam sit amet diam in magna bibendum imperdiet. Nullam orci pede, venenatis non, sodales sed, tincidunt eu, felis. Fusce posuere felis sed lacus. Morbi sem mauris, laoreet ut, rhoncus aliquet, pulvinar sed, nisl. Nunc rhoncus dui vel sem.');
insert into book_reviews (id, book_id, user_id, time, text) values (36, 71, 24, '9/3/2020', 'Nullam sit amet turpis elementum ligula vehicula consequat. Morbi a ipsum. Integer a nibh. In quis justo. Maecenas rhoncus aliquam lacus. Morbi quis tortor id nulla ultrices aliquet. Maecenas leo odio, condimentum id, luctus nec, molestie sed, justo. Pellentesque viverra pede ac diam. Cras pellentesque volutpat dui.');
insert into book_reviews (id, book_id, user_id, time, text) values (37, 62, 33, '16/9/2020', 'Vestibulum rutrum rutrum neque. Aenean auctor gravida sem.');
insert into book_reviews (id, book_id, user_id, time, text) values (38, 36, 46, '27/6/2020', 'Aliquam erat volutpat. In congue. Etiam justo. Etiam pretium iaculis justo. In hac habitasse platea dictumst. Etiam faucibus cursus urna. Ut tellus. Nulla ut erat id mauris vulputate elementum. Nullam varius. Nulla facilisi. Cras non velit nec nisi vulputate nonummy.');
insert into book_reviews (id, book_id, user_id, time, text) values (39, 12, 9, '25/1/2021', 'Sed ante. Vivamus tortor. Duis mattis egestas metus. Aenean fermentum. Donec ut mauris eget massa tempor convallis. Nulla neque libero, convallis eget, eleifend luctus, ultricies eu, nibh. Quisque id justo sit amet sapien dignissim vestibulum. Vestibulum ante ipsum primis in faucibus orci luctus et ultrices posuere cubilia Curae; Nulla dapibus dolor vel est. Donec odio justo, sollicitudin ut, suscipit a, feugiat et, eros. Vestibulum ac est lacinia nisi venenatis tristique.');
insert into book_reviews (id, book_id, user_id, time, text) values (40, 43, 35, '25/12/2020', 'Etiam vel augue. Vestibulum rutrum rutrum neque. Aenean auctor gravida sem. Praesent id massa id nisl venenatis lacinia. Aenean sit amet justo. Morbi ut odio. Cras mi pede, malesuada in, imperdiet et, commodo vulputate, justo. In blandit ultrices enim. Lorem ipsum dolor sit amet, consectetuer adipiscing elit. Proin interdum mauris non ligula pellentesque ultrices. Phasellus id sapien in sapien iaculis congue. Vivamus metus arcu, adipiscing molestie, hendrerit at, vulputate vitae, nisl. Aenean lectus. Pellentesque eget nunc. Donec quis orci eget orci vehicula condimentum. Curabitur in libero ut massa volutpat convallis. Morbi odio odio, elementum eu, interdum eu, tincidunt in, leo. Maecenas pulvinar lobortis est. Phasellus sit amet erat. Nulla tempus.');
insert into book_reviews (id, book_id, user_id, time, text) values (41, 31, 89, '27/2/2020', 'In hac habitasse platea dictumst. Aliquam augue quam, sollicitudin vitae, consectetuer eget, rutrum at, lorem. Integer tincidunt ante vel ipsum. Praesent blandit lacinia erat. Vestibulum sed magna at nunc commodo placerat. Praesent blandit. Nam nulla. Integer pede justo, lacinia eget, tincidunt eget, tempus vel, pede. Morbi porttitor lorem id ligula. Suspendisse ornare consequat lectus. In est risus, auctor sed, tristique in, tempus sit amet, sem. Fusce consequat.');
insert into book_reviews (id, book_id, user_id, time, text) values (42, 67, 95, '2/4/2019', 'Maecenas leo odio, condimentum id, luctus nec, molestie sed, justo. Pellentesque viverra pede ac diam. Cras pellentesque volutpat dui. Maecenas tristique, est et tempus semper, est quam pharetra magna, ac consequat metus sapien ut nunc. Vestibulum ante ipsum primis in faucibus orci luctus et ultrices posuere cubilia Curae; Mauris viverra diam vitae quam. Suspendisse potenti. Nullam porttitor lacus at turpis. Donec posuere metus vitae ipsum. Aliquam non mauris. Morbi non lectus. Aliquam sit amet diam in magna bibendum imperdiet. Nullam orci pede, venenatis non, sodales sed, tincidunt eu, felis. Fusce posuere felis sed lacus. Morbi sem mauris, laoreet ut, rhoncus aliquet, pulvinar sed, nisl. Nunc rhoncus dui vel sem. Sed sagittis. Nam congue, risus semper porta volutpat, quam pede lobortis ligula, sit amet eleifend pede libero quis orci. Nullam molestie nibh in lectus. Pellentesque at nulla. Suspendisse potenti.');
insert into book_reviews (id, book_id, user_id, time, text) values (43, 43, 61, '11/7/2020', 'Vestibulum quam sapien, varius ut, blandit non, interdum in, ante. Vestibulum ante ipsum primis in faucibus orci luctus et ultrices posuere cubilia Curae; Duis faucibus accumsan odio. Curabitur convallis. Duis consequat dui nec nisi volutpat eleifend. Donec ut dolor. Morbi vel lectus in quam fringilla rhoncus. Mauris enim leo, rhoncus sed, vestibulum sit amet, cursus id, turpis. Integer aliquet, massa id lobortis convallis, tortor risus dapibus augue, vel accumsan tellus nisi eu orci.');
insert into book_reviews (id, book_id, user_id, time, text) values (44, 16, 22, '30/4/2019', 'Aliquam quis turpis eget elit sodales scelerisque. Mauris sit amet eros. Suspendisse accumsan tortor quis turpis. Sed ante. Vivamus tortor.');
insert into book_reviews (id, book_id, user_id, time, text) values (45, 31, 22, '28/7/2020', 'Pellentesque at nulla. Suspendisse potenti. Cras in purus eu magna vulputate luctus. Cum sociis natoque penatibus et magnis dis parturient montes, nascetur ridiculus mus. Vivamus vestibulum sagittis sapien. Cum sociis natoque penatibus et magnis dis parturient montes, nascetur ridiculus mus. Etiam vel augue. Vestibulum rutrum rutrum neque. Aenean auctor gravida sem. Praesent id massa id nisl venenatis lacinia.');
insert into book_reviews (id, book_id, user_id, time, text) values (46, 23, 81, '24/1/2020', 'Morbi non lectus. Aliquam sit amet diam in magna bibendum imperdiet. Nullam orci pede, venenatis non, sodales sed, tincidunt eu, felis. Fusce posuere felis sed lacus. Morbi sem mauris, laoreet ut, rhoncus aliquet, pulvinar sed, nisl. Nunc rhoncus dui vel sem. Sed sagittis. Nam congue, risus semper porta volutpat, quam pede lobortis ligula, sit amet eleifend pede libero quis orci. Nullam molestie nibh in lectus. Pellentesque at nulla. Suspendisse potenti. Cras in purus eu magna vulputate luctus. Cum sociis natoque penatibus et magnis dis parturient montes, nascetur ridiculus mus. Vivamus vestibulum sagittis sapien.');
insert into book_reviews (id, book_id, user_id, time, text) values (47, 41, 9, '2/10/2020', 'Nunc purus. Phasellus in felis. Donec semper sapien a libero. Nam dui. Proin leo odio, porttitor id, consequat in, consequat ut, nulla. Sed accumsan felis. Ut at dolor quis odio consequat varius. Integer ac leo. Pellentesque ultrices mattis odio. Donec vitae nisi. Nam ultrices, libero non mattis pulvinar, nulla pede ullamcorper augue, a suscipit nulla elit ac nulla. Sed vel enim sit amet nunc viverra dapibus. Nulla suscipit ligula in lacus. Curabitur at ipsum ac tellus semper interdum. Mauris ullamcorper purus sit amet nulla. Quisque arcu libero, rutrum ac, lobortis vel, dapibus at, diam.');
insert into book_reviews (id, book_id, user_id, time, text) values (48, 21, 54, '26/10/2019', 'Donec quis orci eget orci vehicula condimentum. Curabitur in libero ut massa volutpat convallis. Morbi odio odio, elementum eu, interdum eu, tincidunt in, leo. Maecenas pulvinar lobortis est. Phasellus sit amet erat. Nulla tempus. Vivamus in felis eu sapien cursus vestibulum. Proin eu mi. Nulla ac enim. In tempor, turpis nec euismod scelerisque, quam turpis adipiscing lorem, vitae mattis nibh ligula nec sem. Duis aliquam convallis nunc. Proin at turpis a pede posuere nonummy. Integer non velit. Donec diam neque, vestibulum eget, vulputate ut, ultrices vel, augue. Vestibulum ante ipsum primis in faucibus orci luctus et ultrices posuere cubilia Curae; Donec pharetra, magna vestibulum aliquet ultrices, erat tortor sollicitudin mi, sit amet lobortis sapien sapien non mi. Integer ac neque. Duis bibendum. Morbi non quam nec dui luctus rutrum. Nulla tellus. In sagittis dui vel nisl.');
insert into book_reviews (id, book_id, user_id, time, text) values (49, 44, 87, '23/3/2020', 'Phasellus id sapien in sapien iaculis congue. Vivamus metus arcu, adipiscing molestie, hendrerit at, vulputate vitae, nisl. Aenean lectus. Pellentesque eget nunc. Donec quis orci eget orci vehicula condimentum. Curabitur in libero ut massa volutpat convallis. Morbi odio odio, elementum eu, interdum eu, tincidunt in, leo. Maecenas pulvinar lobortis est. Phasellus sit amet erat. Nulla tempus. Vivamus in felis eu sapien cursus vestibulum. Proin eu mi. Nulla ac enim. In tempor, turpis nec euismod scelerisque, quam turpis adipiscing lorem, vitae mattis nibh ligula nec sem. Duis aliquam convallis nunc. Proin at turpis a pede posuere nonummy. Integer non velit. Donec diam neque, vestibulum eget, vulputate ut, ultrices vel, augue. Vestibulum ante ipsum primis in faucibus orci luctus et ultrices posuere cubilia Curae; Donec pharetra, magna vestibulum aliquet ultrices, erat tortor sollicitudin mi, sit amet lobortis sapien sapien non mi.');
insert into book_reviews (id, book_id, user_id, time, text) values (50, 43, 62, '28/8/2020', 'Nulla tempus. Vivamus in felis eu sapien cursus vestibulum. Proin eu mi. Nulla ac enim. In tempor, turpis nec euismod scelerisque, quam turpis adipiscing lorem, vitae mattis nibh ligula nec sem. Duis aliquam convallis nunc. Proin at turpis a pede posuere nonummy. Integer non velit.');
insert into book_reviews (id, book_id, user_id, time, text) values (51, 7, 92, '22/1/2020', 'Vivamus tortor. Duis mattis egestas metus. Aenean fermentum. Donec ut mauris eget massa tempor convallis. Nulla neque libero, convallis eget, eleifend luctus, ultricies eu, nibh. Quisque id justo sit amet sapien dignissim vestibulum. Vestibulum ante ipsum primis in faucibus orci luctus et ultrices posuere cubilia Curae; Nulla dapibus dolor vel est. Donec odio justo, sollicitudin ut, suscipit a, feugiat et, eros. Vestibulum ac est lacinia nisi venenatis tristique. Fusce congue, diam id ornare imperdiet, sapien urna pretium nisl, ut volutpat sapien arcu sed augue. Aliquam erat volutpat. In congue. Etiam justo. Etiam pretium iaculis justo. In hac habitasse platea dictumst. Etiam faucibus cursus urna. Ut tellus.');
insert into book_reviews (id, book_id, user_id, time, text) values (52, 14, 76, '1/11/2019', 'Quisque id justo sit amet sapien dignissim vestibulum. Vestibulum ante ipsum primis in faucibus orci luctus et ultrices posuere cubilia Curae; Nulla dapibus dolor vel est. Donec odio justo, sollicitudin ut, suscipit a, feugiat et, eros. Vestibulum ac est lacinia nisi venenatis tristique. Fusce congue, diam id ornare imperdiet, sapien urna pretium nisl, ut volutpat sapien arcu sed augue. Aliquam erat volutpat. In congue.');
insert into book_reviews (id, book_id, user_id, time, text) values (53, 9, 64, '23/9/2020', 'Phasellus sit amet erat. Nulla tempus. Vivamus in felis eu sapien cursus vestibulum. Proin eu mi. Nulla ac enim. In tempor, turpis nec euismod scelerisque, quam turpis adipiscing lorem, vitae mattis nibh ligula nec sem. Duis aliquam convallis nunc. Proin at turpis a pede posuere nonummy. Integer non velit. Donec diam neque, vestibulum eget, vulputate ut, ultrices vel, augue. Vestibulum ante ipsum primis in faucibus orci luctus et ultrices posuere cubilia Curae; Donec pharetra, magna vestibulum aliquet ultrices, erat tortor sollicitudin mi, sit amet lobortis sapien sapien non mi. Integer ac neque. Duis bibendum.');
insert into book_reviews (id, book_id, user_id, time, text) values (54, 13, 47, '23/8/2020', 'Vestibulum ac est lacinia nisi venenatis tristique. Fusce congue, diam id ornare imperdiet, sapien urna pretium nisl, ut volutpat sapien arcu sed augue. Aliquam erat volutpat. In congue. Etiam justo. Etiam pretium iaculis justo. In hac habitasse platea dictumst. Etiam faucibus cursus urna.');
insert into book_reviews (id, book_id, user_id, time, text) values (55, 29, 62, '18/1/2020', 'In congue. Etiam justo. Etiam pretium iaculis justo. In hac habitasse platea dictumst. Etiam faucibus cursus urna. Ut tellus. Nulla ut erat id mauris vulputate elementum. Nullam varius. Nulla facilisi. Cras non velit nec nisi vulputate nonummy. Maecenas tincidunt lacus at velit. Vivamus vel nulla eget eros elementum pellentesque. Quisque porta volutpat erat. Quisque erat eros, viverra eget, congue eget, semper rutrum, nulla. Nunc purus. Phasellus in felis. Donec semper sapien a libero. Nam dui.');
insert into book_reviews (id, book_id, user_id, time, text) values (56, 53, 86, '10/11/2019', 'Nulla justo. Aliquam quis turpis eget elit sodales scelerisque. Mauris sit amet eros. Suspendisse accumsan tortor quis turpis. Sed ante. Vivamus tortor. Duis mattis egestas metus. Aenean fermentum. Donec ut mauris eget massa tempor convallis. Nulla neque libero, convallis eget, eleifend luctus, ultricies eu, nibh. Quisque id justo sit amet sapien dignissim vestibulum. Vestibulum ante ipsum primis in faucibus orci luctus et ultrices posuere cubilia Curae; Nulla dapibus dolor vel est. Donec odio justo, sollicitudin ut, suscipit a, feugiat et, eros.');
insert into book_reviews (id, book_id, user_id, time, text) values (57, 45, 30, '30/9/2020', 'In hac habitasse platea dictumst. Aliquam augue quam, sollicitudin vitae, consectetuer eget, rutrum at, lorem.');
insert into book_reviews (id, book_id, user_id, time, text) values (58, 53, 79, '19/12/2020', 'Suspendisse potenti. Nullam porttitor lacus at turpis. Donec posuere metus vitae ipsum. Aliquam non mauris. Morbi non lectus. Aliquam sit amet diam in magna bibendum imperdiet. Nullam orci pede, venenatis non, sodales sed, tincidunt eu, felis. Fusce posuere felis sed lacus. Morbi sem mauris, laoreet ut, rhoncus aliquet, pulvinar sed, nisl. Nunc rhoncus dui vel sem. Sed sagittis. Nam congue, risus semper porta volutpat, quam pede lobortis ligula, sit amet eleifend pede libero quis orci. Nullam molestie nibh in lectus. Pellentesque at nulla. Suspendisse potenti. Cras in purus eu magna vulputate luctus. Cum sociis natoque penatibus et magnis dis parturient montes, nascetur ridiculus mus.');
insert into book_reviews (id, book_id, user_id, time, text) values (59, 42, 85, '11/5/2020', 'Vestibulum quam sapien, varius ut, blandit non, interdum in, ante. Vestibulum ante ipsum primis in faucibus orci luctus et ultrices posuere cubilia Curae; Duis faucibus accumsan odio. Curabitur convallis. Duis consequat dui nec nisi volutpat eleifend. Donec ut dolor. Morbi vel lectus in quam fringilla rhoncus. Mauris enim leo, rhoncus sed, vestibulum sit amet, cursus id, turpis. Integer aliquet, massa id lobortis convallis, tortor risus dapibus augue, vel accumsan tellus nisi eu orci. Mauris lacinia sapien quis libero. Nullam sit amet turpis elementum ligula vehicula consequat. Morbi a ipsum. Integer a nibh. In quis justo. Maecenas rhoncus aliquam lacus. Morbi quis tortor id nulla ultrices aliquet. Maecenas leo odio, condimentum id, luctus nec, molestie sed, justo. Pellentesque viverra pede ac diam. Cras pellentesque volutpat dui. Maecenas tristique, est et tempus semper, est quam pharetra magna, ac consequat metus sapien ut nunc.');
insert into book_reviews (id, book_id, user_id, time, text) values (60, 4, 77, '26/8/2020', 'Etiam vel augue. Vestibulum rutrum rutrum neque. Aenean auctor gravida sem. Praesent id massa id nisl venenatis lacinia. Aenean sit amet justo. Morbi ut odio. Cras mi pede, malesuada in, imperdiet et, commodo vulputate, justo.');
insert into book_reviews (id, book_id, user_id, time, text) values (61, 44, 7, '30/3/2019', 'Pellentesque eget nunc. Donec quis orci eget orci vehicula condimentum. Curabitur in libero ut massa volutpat convallis. Morbi odio odio, elementum eu, interdum eu, tincidunt in, leo. Maecenas pulvinar lobortis est.');
insert into book_reviews (id, book_id, user_id, time, text) values (62, 9, 29, '15/2/2021', 'Etiam vel augue. Vestibulum rutrum rutrum neque. Aenean auctor gravida sem. Praesent id massa id nisl venenatis lacinia. Aenean sit amet justo. Morbi ut odio. Cras mi pede, malesuada in, imperdiet et, commodo vulputate, justo. In blandit ultrices enim. Lorem ipsum dolor sit amet, consectetuer adipiscing elit. Proin interdum mauris non ligula pellentesque ultrices. Phasellus id sapien in sapien iaculis congue. Vivamus metus arcu, adipiscing molestie, hendrerit at, vulputate vitae, nisl. Aenean lectus. Pellentesque eget nunc. Donec quis orci eget orci vehicula condimentum. Curabitur in libero ut massa volutpat convallis. Morbi odio odio, elementum eu, interdum eu, tincidunt in, leo. Maecenas pulvinar lobortis est.');
insert into book_reviews (id, book_id, user_id, time, text) values (63, 68, 48, '30/8/2020', 'Nulla ut erat id mauris vulputate elementum. Nullam varius. Nulla facilisi. Cras non velit nec nisi vulputate nonummy. Maecenas tincidunt lacus at velit. Vivamus vel nulla eget eros elementum pellentesque. Quisque porta volutpat erat. Quisque erat eros, viverra eget, congue eget, semper rutrum, nulla. Nunc purus. Phasellus in felis. Donec semper sapien a libero. Nam dui. Proin leo odio, porttitor id, consequat in, consequat ut, nulla. Sed accumsan felis. Ut at dolor quis odio consequat varius. Integer ac leo. Pellentesque ultrices mattis odio. Donec vitae nisi.');
insert into book_reviews (id, book_id, user_id, time, text) values (64, 64, 15, '16/7/2019', 'Integer ac neque. Duis bibendum. Morbi non quam nec dui luctus rutrum. Nulla tellus. In sagittis dui vel nisl. Duis ac nibh. Fusce lacus purus, aliquet at, feugiat non, pretium quis, lectus.');
insert into book_reviews (id, book_id, user_id, time, text) values (65, 22, 30, '31/7/2019', 'Morbi odio odio, elementum eu, interdum eu, tincidunt in, leo. Maecenas pulvinar lobortis est. Phasellus sit amet erat. Nulla tempus. Vivamus in felis eu sapien cursus vestibulum. Proin eu mi. Nulla ac enim. In tempor, turpis nec euismod scelerisque, quam turpis adipiscing lorem, vitae mattis nibh ligula nec sem. Duis aliquam convallis nunc.');
insert into book_reviews (id, book_id, user_id, time, text) values (66, 5, 26, '4/2/2020', 'Mauris sit amet eros. Suspendisse accumsan tortor quis turpis. Sed ante. Vivamus tortor. Duis mattis egestas metus. Aenean fermentum. Donec ut mauris eget massa tempor convallis. Nulla neque libero, convallis eget, eleifend luctus, ultricies eu, nibh. Quisque id justo sit amet sapien dignissim vestibulum. Vestibulum ante ipsum primis in faucibus orci luctus et ultrices posuere cubilia Curae; Nulla dapibus dolor vel est. Donec odio justo, sollicitudin ut, suscipit a, feugiat et, eros. Vestibulum ac est lacinia nisi venenatis tristique. Fusce congue, diam id ornare imperdiet, sapien urna pretium nisl, ut volutpat sapien arcu sed augue. Aliquam erat volutpat. In congue. Etiam justo. Etiam pretium iaculis justo.');
insert into book_reviews (id, book_id, user_id, time, text) values (67, 66, 52, '13/6/2019', 'In hac habitasse platea dictumst. Maecenas ut massa quis augue luctus tincidunt. Nulla mollis molestie lorem. Quisque ut erat.');
insert into book_reviews (id, book_id, user_id, time, text) values (68, 65, 62, '12/8/2020', 'Morbi sem mauris, laoreet ut, rhoncus aliquet, pulvinar sed, nisl. Nunc rhoncus dui vel sem. Sed sagittis. Nam congue, risus semper porta volutpat, quam pede lobortis ligula, sit amet eleifend pede libero quis orci. Nullam molestie nibh in lectus. Pellentesque at nulla. Suspendisse potenti. Cras in purus eu magna vulputate luctus. Cum sociis natoque penatibus et magnis dis parturient montes, nascetur ridiculus mus. Vivamus vestibulum sagittis sapien. Cum sociis natoque penatibus et magnis dis parturient montes, nascetur ridiculus mus. Etiam vel augue.');
insert into book_reviews (id, book_id, user_id, time, text) values (69, 56, 58, '22/3/2020', 'In hac habitasse platea dictumst. Morbi vestibulum, velit id pretium iaculis, diam erat fermentum justo, nec condimentum neque sapien placerat ante. Nulla justo. Aliquam quis turpis eget elit sodales scelerisque. Mauris sit amet eros. Suspendisse accumsan tortor quis turpis. Sed ante. Vivamus tortor. Duis mattis egestas metus. Aenean fermentum. Donec ut mauris eget massa tempor convallis. Nulla neque libero, convallis eget, eleifend luctus, ultricies eu, nibh. Quisque id justo sit amet sapien dignissim vestibulum. Vestibulum ante ipsum primis in faucibus orci luctus et ultrices posuere cubilia Curae; Nulla dapibus dolor vel est.');
insert into book_reviews (id, book_id, user_id, time, text) values (70, 5, 54, '17/11/2020', 'In eleifend quam a odio. In hac habitasse platea dictumst. Maecenas ut massa quis augue luctus tincidunt. Nulla mollis molestie lorem. Quisque ut erat. Curabitur gravida nisi at nibh. In hac habitasse platea dictumst. Aliquam augue quam, sollicitudin vitae, consectetuer eget, rutrum at, lorem.');
insert into book_reviews (id, book_id, user_id, time, text) values (71, 42, 25, '18/2/2021', 'Morbi porttitor lorem id ligula. Suspendisse ornare consequat lectus. In est risus, auctor sed, tristique in, tempus sit amet, sem. Fusce consequat. Nulla nisl. Nunc nisl.');
insert into book_reviews (id, book_id, user_id, time, text) values (72, 6, 49, '3/6/2020', 'Sed sagittis. Nam congue, risus semper porta volutpat, quam pede lobortis ligula, sit amet eleifend pede libero quis orci. Nullam molestie nibh in lectus.');
insert into book_reviews (id, book_id, user_id, time, text) values (73, 61, 1, '7/4/2019', 'Phasellus in felis. Donec semper sapien a libero. Nam dui. Proin leo odio, porttitor id, consequat in, consequat ut, nulla. Sed accumsan felis. Ut at dolor quis odio consequat varius. Integer ac leo. Pellentesque ultrices mattis odio. Donec vitae nisi. Nam ultrices, libero non mattis pulvinar, nulla pede ullamcorper augue, a suscipit nulla elit ac nulla. Sed vel enim sit amet nunc viverra dapibus. Nulla suscipit ligula in lacus. Curabitur at ipsum ac tellus semper interdum. Mauris ullamcorper purus sit amet nulla. Quisque arcu libero, rutrum ac, lobortis vel, dapibus at, diam. Nam tristique tortor eu pede.');
insert into book_reviews (id, book_id, user_id, time, text) values (74, 73, 6, '30/11/2020', 'Mauris enim leo, rhoncus sed, vestibulum sit amet, cursus id, turpis. Integer aliquet, massa id lobortis convallis, tortor risus dapibus augue, vel accumsan tellus nisi eu orci. Mauris lacinia sapien quis libero. Nullam sit amet turpis elementum ligula vehicula consequat. Morbi a ipsum. Integer a nibh. In quis justo. Maecenas rhoncus aliquam lacus. Morbi quis tortor id nulla ultrices aliquet. Maecenas leo odio, condimentum id, luctus nec, molestie sed, justo. Pellentesque viverra pede ac diam. Cras pellentesque volutpat dui. Maecenas tristique, est et tempus semper, est quam pharetra magna, ac consequat metus sapien ut nunc. Vestibulum ante ipsum primis in faucibus orci luctus et ultrices posuere cubilia Curae; Mauris viverra diam vitae quam. Suspendisse potenti. Nullam porttitor lacus at turpis.');
insert into book_reviews (id, book_id, user_id, time, text) values (75, 24, 50, '2/1/2020', 'Donec ut dolor. Morbi vel lectus in quam fringilla rhoncus. Mauris enim leo, rhoncus sed, vestibulum sit amet, cursus id, turpis. Integer aliquet, massa id lobortis convallis, tortor risus dapibus augue, vel accumsan tellus nisi eu orci. Mauris lacinia sapien quis libero. Nullam sit amet turpis elementum ligula vehicula consequat. Morbi a ipsum. Integer a nibh. In quis justo. Maecenas rhoncus aliquam lacus. Morbi quis tortor id nulla ultrices aliquet. Maecenas leo odio, condimentum id, luctus nec, molestie sed, justo. Pellentesque viverra pede ac diam. Cras pellentesque volutpat dui. Maecenas tristique, est et tempus semper, est quam pharetra magna, ac consequat metus sapien ut nunc. Vestibulum ante ipsum primis in faucibus orci luctus et ultrices posuere cubilia Curae; Mauris viverra diam vitae quam.');
insert into book_reviews (id, book_id, user_id, time, text) values (76, 55, 40, '13/4/2020', 'Praesent id massa id nisl venenatis lacinia. Aenean sit amet justo. Morbi ut odio. Cras mi pede, malesuada in, imperdiet et, commodo vulputate, justo. In blandit ultrices enim. Lorem ipsum dolor sit amet, consectetuer adipiscing elit. Proin interdum mauris non ligula pellentesque ultrices. Phasellus id sapien in sapien iaculis congue.');
insert into book_reviews (id, book_id, user_id, time, text) values (77, 4, 3, '30/8/2020', 'Mauris sit amet eros. Suspendisse accumsan tortor quis turpis. Sed ante. Vivamus tortor. Duis mattis egestas metus. Aenean fermentum. Donec ut mauris eget massa tempor convallis. Nulla neque libero, convallis eget, eleifend luctus, ultricies eu, nibh. Quisque id justo sit amet sapien dignissim vestibulum. Vestibulum ante ipsum primis in faucibus orci luctus et ultrices posuere cubilia Curae; Nulla dapibus dolor vel est. Donec odio justo, sollicitudin ut, suscipit a, feugiat et, eros. Vestibulum ac est lacinia nisi venenatis tristique. Fusce congue, diam id ornare imperdiet, sapien urna pretium nisl, ut volutpat sapien arcu sed augue. Aliquam erat volutpat. In congue. Etiam justo. Etiam pretium iaculis justo. In hac habitasse platea dictumst. Etiam faucibus cursus urna.');
insert into book_reviews (id, book_id, user_id, time, text) values (78, 6, 32, '19/10/2020', 'Nulla ac enim. In tempor, turpis nec euismod scelerisque, quam turpis adipiscing lorem, vitae mattis nibh ligula nec sem. Duis aliquam convallis nunc. Proin at turpis a pede posuere nonummy. Integer non velit. Donec diam neque, vestibulum eget, vulputate ut, ultrices vel, augue. Vestibulum ante ipsum primis in faucibus orci luctus et ultrices posuere cubilia Curae; Donec pharetra, magna vestibulum aliquet ultrices, erat tortor sollicitudin mi, sit amet lobortis sapien sapien non mi. Integer ac neque. Duis bibendum.');
insert into book_reviews (id, book_id, user_id, time, text) values (79, 50, 66, '29/4/2020', 'Mauris sit amet eros. Suspendisse accumsan tortor quis turpis. Sed ante. Vivamus tortor. Duis mattis egestas metus. Aenean fermentum. Donec ut mauris eget massa tempor convallis. Nulla neque libero, convallis eget, eleifend luctus, ultricies eu, nibh. Quisque id justo sit amet sapien dignissim vestibulum. Vestibulum ante ipsum primis in faucibus orci luctus et ultrices posuere cubilia Curae; Nulla dapibus dolor vel est. Donec odio justo, sollicitudin ut, suscipit a, feugiat et, eros. Vestibulum ac est lacinia nisi venenatis tristique. Fusce congue, diam id ornare imperdiet, sapien urna pretium nisl, ut volutpat sapien arcu sed augue.');
insert into book_reviews (id, book_id, user_id, time, text) values (80, 47, 80, '12/5/2020', 'Quisque ut erat. Curabitur gravida nisi at nibh. In hac habitasse platea dictumst. Aliquam augue quam, sollicitudin vitae, consectetuer eget, rutrum at, lorem. Integer tincidunt ante vel ipsum. Praesent blandit lacinia erat. Vestibulum sed magna at nunc commodo placerat. Praesent blandit. Nam nulla. Integer pede justo, lacinia eget, tincidunt eget, tempus vel, pede. Morbi porttitor lorem id ligula. Suspendisse ornare consequat lectus. In est risus, auctor sed, tristique in, tempus sit amet, sem. Fusce consequat.');
insert into book_reviews (id, book_id, user_id, time, text) values (81, 7, 49, '6/11/2020', 'Praesent blandit lacinia erat. Vestibulum sed magna at nunc commodo placerat. Praesent blandit. Nam nulla. Integer pede justo, lacinia eget, tincidunt eget, tempus vel, pede. Morbi porttitor lorem id ligula. Suspendisse ornare consequat lectus. In est risus, auctor sed, tristique in, tempus sit amet, sem. Fusce consequat. Nulla nisl. Nunc nisl. Duis bibendum, felis sed interdum venenatis, turpis enim blandit mi, in porttitor pede justo eu massa. Donec dapibus.');
insert into book_reviews (id, book_id, user_id, time, text) values (82, 52, 44, '1/6/2019', 'Fusce congue, diam id ornare imperdiet, sapien urna pretium nisl, ut volutpat sapien arcu sed augue. Aliquam erat volutpat. In congue. Etiam justo. Etiam pretium iaculis justo. In hac habitasse platea dictumst. Etiam faucibus cursus urna. Ut tellus. Nulla ut erat id mauris vulputate elementum. Nullam varius. Nulla facilisi. Cras non velit nec nisi vulputate nonummy.');
insert into book_reviews (id, book_id, user_id, time, text) values (83, 49, 39, '5/10/2019', 'Integer aliquet, massa id lobortis convallis, tortor risus dapibus augue, vel accumsan tellus nisi eu orci. Mauris lacinia sapien quis libero. Nullam sit amet turpis elementum ligula vehicula consequat. Morbi a ipsum. Integer a nibh. In quis justo. Maecenas rhoncus aliquam lacus. Morbi quis tortor id nulla ultrices aliquet. Maecenas leo odio, condimentum id, luctus nec, molestie sed, justo. Pellentesque viverra pede ac diam.');
insert into book_reviews (id, book_id, user_id, time, text) values (84, 21, 34, '26/6/2019', 'Sed ante. Vivamus tortor. Duis mattis egestas metus. Aenean fermentum. Donec ut mauris eget massa tempor convallis. Nulla neque libero, convallis eget, eleifend luctus, ultricies eu, nibh. Quisque id justo sit amet sapien dignissim vestibulum. Vestibulum ante ipsum primis in faucibus orci luctus et ultrices posuere cubilia Curae; Nulla dapibus dolor vel est. Donec odio justo, sollicitudin ut, suscipit a, feugiat et, eros. Vestibulum ac est lacinia nisi venenatis tristique. Fusce congue, diam id ornare imperdiet, sapien urna pretium nisl, ut volutpat sapien arcu sed augue. Aliquam erat volutpat. In congue. Etiam justo. Etiam pretium iaculis justo. In hac habitasse platea dictumst.');
insert into book_reviews (id, book_id, user_id, time, text) values (85, 30, 8, '19/12/2019', 'Suspendisse potenti. Cras in purus eu magna vulputate luctus.');
insert into book_reviews (id, book_id, user_id, time, text) values (86, 33, 31, '25/5/2019', 'Suspendisse accumsan tortor quis turpis. Sed ante.');
insert into book_reviews (id, book_id, user_id, time, text) values (87, 61, 35, '15/12/2020', 'Nam congue, risus semper porta volutpat, quam pede lobortis ligula, sit amet eleifend pede libero quis orci. Nullam molestie nibh in lectus. Pellentesque at nulla. Suspendisse potenti. Cras in purus eu magna vulputate luctus. Cum sociis natoque penatibus et magnis dis parturient montes, nascetur ridiculus mus. Vivamus vestibulum sagittis sapien. Cum sociis natoque penatibus et magnis dis parturient montes, nascetur ridiculus mus. Etiam vel augue.');
insert into book_reviews (id, book_id, user_id, time, text) values (88, 65, 90, '20/4/2020', 'Sed vel enim sit amet nunc viverra dapibus. Nulla suscipit ligula in lacus. Curabitur at ipsum ac tellus semper interdum. Mauris ullamcorper purus sit amet nulla.');
insert into book_reviews (id, book_id, user_id, time, text) values (89, 10, 35, '25/3/2019', 'Maecenas rhoncus aliquam lacus. Morbi quis tortor id nulla ultrices aliquet. Maecenas leo odio, condimentum id, luctus nec, molestie sed, justo. Pellentesque viverra pede ac diam. Cras pellentesque volutpat dui. Maecenas tristique, est et tempus semper, est quam pharetra magna, ac consequat metus sapien ut nunc. Vestibulum ante ipsum primis in faucibus orci luctus et ultrices posuere cubilia Curae; Mauris viverra diam vitae quam. Suspendisse potenti.');
insert into book_reviews (id, book_id, user_id, time, text) values (90, 56, 32, '10/10/2019', 'Integer ac neque. Duis bibendum. Morbi non quam nec dui luctus rutrum. Nulla tellus. In sagittis dui vel nisl. Duis ac nibh. Fusce lacus purus, aliquet at, feugiat non, pretium quis, lectus. Suspendisse potenti. In eleifend quam a odio. In hac habitasse platea dictumst. Maecenas ut massa quis augue luctus tincidunt. Nulla mollis molestie lorem. Quisque ut erat.');
insert into book_reviews (id, book_id, user_id, time, text) values (91, 28, 99, '6/7/2020', 'Aliquam quis turpis eget elit sodales scelerisque. Mauris sit amet eros. Suspendisse accumsan tortor quis turpis. Sed ante. Vivamus tortor. Duis mattis egestas metus. Aenean fermentum. Donec ut mauris eget massa tempor convallis. Nulla neque libero, convallis eget, eleifend luctus, ultricies eu, nibh. Quisque id justo sit amet sapien dignissim vestibulum. Vestibulum ante ipsum primis in faucibus orci luctus et ultrices posuere cubilia Curae; Nulla dapibus dolor vel est. Donec odio justo, sollicitudin ut, suscipit a, feugiat et, eros. Vestibulum ac est lacinia nisi venenatis tristique. Fusce congue, diam id ornare imperdiet, sapien urna pretium nisl, ut volutpat sapien arcu sed augue. Aliquam erat volutpat. In congue. Etiam justo. Etiam pretium iaculis justo. In hac habitasse platea dictumst.');
insert into book_reviews (id, book_id, user_id, time, text) values (92, 47, 7, '12/5/2020', 'Etiam faucibus cursus urna. Ut tellus. Nulla ut erat id mauris vulputate elementum. Nullam varius. Nulla facilisi. Cras non velit nec nisi vulputate nonummy.');
insert into book_reviews (id, book_id, user_id, time, text) values (93, 10, 7, '19/11/2019', 'Nulla facilisi. Cras non velit nec nisi vulputate nonummy. Maecenas tincidunt lacus at velit.');
insert into book_reviews (id, book_id, user_id, time, text) values (94, 43, 92, '24/6/2020', 'Maecenas tristique, est et tempus semper, est quam pharetra magna, ac consequat metus sapien ut nunc. Vestibulum ante ipsum primis in faucibus orci luctus et ultrices posuere cubilia Curae; Mauris viverra diam vitae quam. Suspendisse potenti. Nullam porttitor lacus at turpis. Donec posuere metus vitae ipsum. Aliquam non mauris. Morbi non lectus. Aliquam sit amet diam in magna bibendum imperdiet. Nullam orci pede, venenatis non, sodales sed, tincidunt eu, felis.');
insert into book_reviews (id, book_id, user_id, time, text) values (95, 28, 11, '23/9/2020', 'Duis bibendum. Morbi non quam nec dui luctus rutrum. Nulla tellus. In sagittis dui vel nisl. Duis ac nibh. Fusce lacus purus, aliquet at, feugiat non, pretium quis, lectus. Suspendisse potenti. In eleifend quam a odio. In hac habitasse platea dictumst. Maecenas ut massa quis augue luctus tincidunt. Nulla mollis molestie lorem. Quisque ut erat. Curabitur gravida nisi at nibh. In hac habitasse platea dictumst. Aliquam augue quam, sollicitudin vitae, consectetuer eget, rutrum at, lorem.');
insert into book_reviews (id, book_id, user_id, time, text) values (96, 24, 43, '3/10/2019', 'Etiam faucibus cursus urna. Ut tellus. Nulla ut erat id mauris vulputate elementum. Nullam varius. Nulla facilisi. Cras non velit nec nisi vulputate nonummy. Maecenas tincidunt lacus at velit. Vivamus vel nulla eget eros elementum pellentesque. Quisque porta volutpat erat.');
insert into book_reviews (id, book_id, user_id, time, text) values (97, 8, 18, '29/12/2020', 'Nunc purus. Phasellus in felis. Donec semper sapien a libero. Nam dui. Proin leo odio, porttitor id, consequat in, consequat ut, nulla. Sed accumsan felis. Ut at dolor quis odio consequat varius. Integer ac leo. Pellentesque ultrices mattis odio. Donec vitae nisi. Nam ultrices, libero non mattis pulvinar, nulla pede ullamcorper augue, a suscipit nulla elit ac nulla. Sed vel enim sit amet nunc viverra dapibus. Nulla suscipit ligula in lacus. Curabitur at ipsum ac tellus semper interdum. Mauris ullamcorper purus sit amet nulla.');
insert into book_reviews (id, book_id, user_id, time, text) values (98, 20, 92, '29/8/2019', 'Nam congue, risus semper porta volutpat, quam pede lobortis ligula, sit amet eleifend pede libero quis orci. Nullam molestie nibh in lectus. Pellentesque at nulla. Suspendisse potenti. Cras in purus eu magna vulputate luctus. Cum sociis natoque penatibus et magnis dis parturient montes, nascetur ridiculus mus. Vivamus vestibulum sagittis sapien. Cum sociis natoque penatibus et magnis dis parturient montes, nascetur ridiculus mus.');
insert into book_reviews (id, book_id, user_id, time, text) values (99, 39, 6, '31/10/2020', 'Aliquam erat volutpat. In congue. Etiam justo. Etiam pretium iaculis justo. In hac habitasse platea dictumst. Etiam faucibus cursus urna. Ut tellus. Nulla ut erat id mauris vulputate elementum. Nullam varius. Nulla facilisi. Cras non velit nec nisi vulputate nonummy. Maecenas tincidunt lacus at velit. Vivamus vel nulla eget eros elementum pellentesque. Quisque porta volutpat erat. Quisque erat eros, viverra eget, congue eget, semper rutrum, nulla. Nunc purus. Phasellus in felis. Donec semper sapien a libero.');
insert into book_reviews (id, book_id, user_id, time, text) values (100, 16, 46, '20/5/2019', 'Lorem ipsum dolor sit amet, consectetuer adipiscing elit. Proin risus. Praesent lectus. Vestibulum quam sapien, varius ut, blandit non, interdum in, ante. Vestibulum ante ipsum primis in faucibus orci luctus et ultrices posuere cubilia Curae; Duis faucibus accumsan odio. Curabitur convallis. Duis consequat dui nec nisi volutpat eleifend. Donec ut dolor. Morbi vel lectus in quam fringilla rhoncus. Mauris enim leo, rhoncus sed, vestibulum sit amet, cursus id, turpis.');



insert into book_review_likes (id, review_id, user_id, time, value) values (1, 74, 9, '11/8/2020', -1);
insert into book_review_likes (id, review_id, user_id, time, value) values (2, 2, 37, '19/11/2020', -1);
insert into book_review_likes (id, review_id, user_id, time, value) values (3, 84, 2, '28/11/2020', -1);
insert into book_review_likes (id, review_id, user_id, time, value) values (4, 64, 20, '17/6/2020', 1);
insert into book_review_likes (id, review_id, user_id, time, value) values (5, 65, 53, '19/9/2020', -1);
insert into book_review_likes (id, review_id, user_id, time, value) values (6, 42, 11, '4/3/2021', -1);
insert into book_review_likes (id, review_id, user_id, time, value) values (7, 13, 9, '7/9/2020', -1);
insert into book_review_likes (id, review_id, user_id, time, value) values (8, 88, 93, '6/11/2020', -1);
insert into book_review_likes (id, review_id, user_id, time, value) values (9, 68, 10, '26/7/2020', -1);
insert into book_review_likes (id, review_id, user_id, time, value) values (10, 42, 21, '19/12/2020', -1);
insert into book_review_likes (id, review_id, user_id, time, value) values (11, 57, 41, '22/9/2020', 1);
insert into book_review_likes (id, review_id, user_id, time, value) values (12, 92, 44, '17/10/2020', 1);
insert into book_review_likes (id, review_id, user_id, time, value) values (13, 14, 40, '14/5/2020', 1);
insert into book_review_likes (id, review_id, user_id, time, value) values (14, 41, 47, '27/7/2020', 1);
insert into book_review_likes (id, review_id, user_id, time, value) values (15, 99, 75, '9/11/2020', -1);
insert into book_review_likes (id, review_id, user_id, time, value) values (16, 13, 75, '10/6/2020', -1);
insert into book_review_likes (id, review_id, user_id, time, value) values (17, 74, 12, '28/6/2020', -1);
insert into book_review_likes (id, review_id, user_id, time, value) values (18, 53, 42, '21/4/2020', -1);
insert into book_review_likes (id, review_id, user_id, time, value) values (19, 72, 39, '4/10/2020', 1);
insert into book_review_likes (id, review_id, user_id, time, value) values (20, 57, 29, '14/1/2021', -1);
insert into book_review_likes (id, review_id, user_id, time, value) values (21, 93, 72, '15/9/2020', 1);
insert into book_review_likes (id, review_id, user_id, time, value) values (22, 39, 29, '5/11/2020', 1);
insert into book_review_likes (id, review_id, user_id, time, value) values (23, 4, 26, '23/11/2020', 1);
insert into book_review_likes (id, review_id, user_id, time, value) values (24, 26, 21, '3/11/2020', 1);
insert into book_review_likes (id, review_id, user_id, time, value) values (25, 41, 67, '18/9/2020', -1);
insert into book_review_likes (id, review_id, user_id, time, value) values (26, 46, 23, '23/9/2020', -1);
insert into book_review_likes (id, review_id, user_id, time, value) values (27, 100, 62, '20/10/2020', -1);
insert into book_review_likes (id, review_id, user_id, time, value) values (28, 42, 9, '26/6/2020', 1);
insert into book_review_likes (id, review_id, user_id, time, value) values (29, 17, 62, '11/2/2021', -1);
insert into book_review_likes (id, review_id, user_id, time, value) values (30, 36, 84, '14/12/2020', -1);
insert into book_review_likes (id, review_id, user_id, time, value) values (31, 21, 48, '16/5/2020', 1);
insert into book_review_likes (id, review_id, user_id, time, value) values (32, 76, 45, '1/6/2020', 1);
insert into book_review_likes (id, review_id, user_id, time, value) values (33, 44, 73, '9/12/2020', -1);
insert into book_review_likes (id, review_id, user_id, time, value) values (34, 42, 32, '28/5/2020', 1);
insert into book_review_likes (id, review_id, user_id, time, value) values (35, 89, 11, '27/10/2020', 1);
insert into book_review_likes (id, review_id, user_id, time, value) values (36, 48, 97, '19/9/2020', -1);
insert into book_review_likes (id, review_id, user_id, time, value) values (37, 97, 1, '22/9/2020', -1);
insert into book_review_likes (id, review_id, user_id, time, value) values (38, 13, 55, '21/11/2020', 1);
insert into book_review_likes (id, review_id, user_id, time, value) values (39, 57, 93, '7/8/2020', 1);
insert into book_review_likes (id, review_id, user_id, time, value) values (40, 50, 13, '25/5/2020', -1);
insert into book_review_likes (id, review_id, user_id, time, value) values (41, 3, 98, '12/2/2021', -1);
insert into book_review_likes (id, review_id, user_id, time, value) values (42, 7, 1, '7/12/2020', -1);
insert into book_review_likes (id, review_id, user_id, time, value) values (43, 90, 18, '9/7/2020', -1);
insert into book_review_likes (id, review_id, user_id, time, value) values (44, 37, 58, '18/5/2020', 1);
insert into book_review_likes (id, review_id, user_id, time, value) values (45, 29, 10, '8/3/2020', 1);
insert into book_review_likes (id, review_id, user_id, time, value) values (46, 87, 25, '17/2/2021', -1);
insert into book_review_likes (id, review_id, user_id, time, value) values (47, 92, 38, '5/8/2020', -1);
insert into book_review_likes (id, review_id, user_id, time, value) values (48, 13, 39, '25/5/2020', -1);
insert into book_review_likes (id, review_id, user_id, time, value) values (49, 61, 48, '1/3/2021', 1);
insert into book_review_likes (id, review_id, user_id, time, value) values (50, 55, 77, '4/12/2020', 1);
insert into book_review_likes (id, review_id, user_id, time, value) values (51, 48, 21, '14/8/2020', 1);
insert into book_review_likes (id, review_id, user_id, time, value) values (52, 34, 38, '25/4/2020', 1);
insert into book_review_likes (id, review_id, user_id, time, value) values (53, 97, 72, '30/10/2020', -1);
insert into book_review_likes (id, review_id, user_id, time, value) values (54, 76, 42, '6/10/2020', -1);
insert into book_review_likes (id, review_id, user_id, time, value) values (55, 12, 75, '12/7/2020', -1);
insert into book_review_likes (id, review_id, user_id, time, value) values (56, 90, 12, '6/9/2020', 1);
insert into book_review_likes (id, review_id, user_id, time, value) values (57, 24, 97, '27/6/2020', -1);
insert into book_review_likes (id, review_id, user_id, time, value) values (58, 41, 53, '26/8/2020', -1);
insert into book_review_likes (id, review_id, user_id, time, value) values (59, 75, 98, '24/11/2020', -1);
insert into book_review_likes (id, review_id, user_id, time, value) values (60, 52, 77, '26/9/2020', -1);
insert into book_review_likes (id, review_id, user_id, time, value) values (61, 6, 46, '15/10/2020', -1);
insert into book_review_likes (id, review_id, user_id, time, value) values (62, 23, 75, '4/5/2020', -1);
insert into book_review_likes (id, review_id, user_id, time, value) values (63, 39, 39, '4/10/2020', 1);
insert into book_review_likes (id, review_id, user_id, time, value) values (64, 31, 22, '2/11/2020', 1);
insert into book_review_likes (id, review_id, user_id, time, value) values (65, 95, 71, '18/5/2020', -1);
insert into book_review_likes (id, review_id, user_id, time, value) values (66, 35, 12, '17/7/2020', -1);
insert into book_review_likes (id, review_id, user_id, time, value) values (67, 18, 78, '29/7/2020', 1);
insert into book_review_likes (id, review_id, user_id, time, value) values (68, 63, 76, '20/10/2020', 1);
insert into book_review_likes (id, review_id, user_id, time, value) values (69, 48, 54, '8/12/2020', -1);
insert into book_review_likes (id, review_id, user_id, time, value) values (70, 15, 82, '28/11/2020', -1);
insert into book_review_likes (id, review_id, user_id, time, value) values (71, 50, 3, '7/11/2020', 1);
insert into book_review_likes (id, review_id, user_id, time, value) values (72, 45, 91, '30/8/2020', 1);
insert into book_review_likes (id, review_id, user_id, time, value) values (73, 60, 94, '24/2/2021', -1);
insert into book_review_likes (id, review_id, user_id, time, value) values (74, 12, 33, '27/10/2020', -1);
insert into book_review_likes (id, review_id, user_id, time, value) values (75, 5, 21, '10/8/2020', -1);
insert into book_review_likes (id, review_id, user_id, time, value) values (76, 34, 3, '25/11/2020', -1);
insert into book_review_likes (id, review_id, user_id, time, value) values (77, 24, 39, '11/4/2020', 1);
insert into book_review_likes (id, review_id, user_id, time, value) values (78, 10, 45, '25/10/2020', -1);
insert into book_review_likes (id, review_id, user_id, time, value) values (79, 90, 47, '13/1/2021', 1);
insert into book_review_likes (id, review_id, user_id, time, value) values (80, 86, 5, '19/2/2021', -1);
insert into book_review_likes (id, review_id, user_id, time, value) values (81, 82, 13, '10/3/2020', -1);
insert into book_review_likes (id, review_id, user_id, time, value) values (82, 48, 36, '14/6/2020', -1);
insert into book_review_likes (id, review_id, user_id, time, value) values (83, 35, 77, '15/10/2020', 1);
insert into book_review_likes (id, review_id, user_id, time, value) values (84, 27, 92, '29/1/2021', 1);
insert into book_review_likes (id, review_id, user_id, time, value) values (85, 99, 67, '10/7/2020', 1);
insert into book_review_likes (id, review_id, user_id, time, value) values (86, 1, 1, '29/12/2020', 1);
insert into book_review_likes (id, review_id, user_id, time, value) values (87, 83, 60, '22/3/2020', 1);
insert into book_review_likes (id, review_id, user_id, time, value) values (88, 39, 27, '8/6/2020', -1);
insert into book_review_likes (id, review_id, user_id, time, value) values (89, 97, 43, '15/12/2020', 1);
insert into book_review_likes (id, review_id, user_id, time, value) values (90, 74, 24, '16/5/2020', -1);
insert into book_review_likes (id, review_id, user_id, time, value) values (91, 6, 49, '19/1/2021', -1);
insert into book_review_likes (id, review_id, user_id, time, value) values (92, 65, 91, '28/11/2020', 1);
insert into book_review_likes (id, review_id, user_id, time, value) values (93, 61, 37, '20/3/2020', -1);
insert into book_review_likes (id, review_id, user_id, time, value) values (94, 63, 11, '13/1/2021', -1);
insert into book_review_likes (id, review_id, user_id, time, value) values (95, 30, 61, '14/4/2020', -1);
insert into book_review_likes (id, review_id, user_id, time, value) values (96, 72, 40, '28/3/2020', -1);
insert into book_review_likes (id, review_id, user_id, time, value) values (97, 48, 7, '20/5/2020', 1);
insert into book_review_likes (id, review_id, user_id, time, value) values (98, 25, 79, '28/6/2020', -1);
insert into book_review_likes (id, review_id, user_id, time, value) values (99, 35, 55, '5/4/2020', 1);
insert into book_review_likes (id, review_id, user_id, time, value) values (100, 66, 73, '1/8/2020', 1);


insert into genres (id, slug, name, count) values (1, 'EasyReading', 'Easy Reading', 11);
insert into genres (id, parent_id, slug, name, count) values (2, 1, 'ScienceFiction', 'Science Fiction', 1);
insert into genres (id, parent_id, slug, name, count) values (3, 1, 'Action', 'Action', 3);
insert into genres (id, parent_id, slug, name, count) values (4, null, 'Detectives', 'Detectives', 11);
insert into genres (id, parent_id, slug, name, count) values (5, 4, 'Thriller', 'Thriller', 2);
insert into genres (id, parent_id, slug, name, count) values (6, 4, 'CoolDetective', 'Cool Detective', 1);
insert into genres (id, parent_id, slug, name, count) values (7, 4, 'IronicDetective', 'Ironic Detective', 3);
insert into genres (id, parent_id, slug, name, count) values (8, 4, 'AboutManiacs', 'About Maniacs', 0);
insert into genres (id, parent_id, slug, name, count) values (9, 4, 'SpyDetective', 'Spy Detective', 1);
insert into genres (id, parent_id, slug, name, count) values (10, 4, 'CriminalDetective', 'Criminal Detective', 2);
insert into genres (id, parent_id, slug, name, count) values (11, 4, 'ClassicDetective', 'Classic Detective', 1);
insert into genres (id, parent_id, slug, name, count) values (12, 4, 'PoliticalDetective', 'Political Detective', 1);
insert into genres (id, parent_id, slug, name, count) values (13, 1, 'Fantasy', 'Fantasy', 1);
insert into genres (id, parent_id, slug, name, count) values (14, 1, 'Novels', 'Novels', 1);
insert into genres (id, parent_id, slug, name, count) values (15, 1, 'Horrors', 'Horrors', 4);
insert into genres (id, parent_id, slug, name, count) values (16, 1, 'Adventures', 'Adventures', 1);
insert into genres (id, slug, name, count) values (17, 'SeriousReading', 'Serious Reading', 7);
insert into genres (id, parent_id, slug, name, count) values (18, 17, 'Biographies', 'Biographies', 7);
insert into genres (id, slug, name, count) values (19, 'BusinessLiterature', 'Business Literature', 39);
insert into genres (id, parent_id, slug, name, count) values (20, 19, 'ManagingEconomy', 'Managing Economy', 2);
insert into genres (id, parent_id, slug, name, count) values (21, 19, 'Career', 'Career', 1);
insert into genres (id, parent_id, slug, name, count) values (22, 19, 'Marketing_PR_Advertising', 'Marketing, PR, Advertising', 0);
insert into genres (id, parent_id, slug, name, count) values (23, 19, 'Finance', 'Finance', 0);
insert into genres (id, parent_id, slug, name, count) values (24, 19, 'BusinessDirectories', 'Business Directories', 4);
insert into genres (id, parent_id, slug, name, count) values (25, 19, 'PersonalFinance', 'Personal Finance', 1);
insert into genres (id, parent_id, slug, name, count) values (26, 19, 'Management', 'Management', 0);
insert into genres (id, parent_id, slug, name, count) values (27, 19, 'ForeignBusinessLiterature', 'Foreign Business Literature', 0);
insert into genres (id, parent_id, slug, name, count) values (28, 19, 'PersonalEffectiveness', 'Personal Effectiveness', 0);
insert into genres (id, parent_id, slug, name, count) values (29, 19, 'TimeManagement', 'Time Management', 1);
insert into genres (id, parent_id, slug, name, count) values (30, 19, 'SmallBusiness', 'Small Business', 2);
insert into genres (id, parent_id, slug, name, count) values (31, 19, 'StartupsAndBusinessCreation', 'Startups and Business Creation', 1);
insert into genres (id, parent_id, slug, name, count) values (32, 19, 'Corporate Culture', 'Corporate Culture', 1);
insert into genres (id, parent_id, slug, name, count) values (33, 19, 'Banking', 'Banking', 3);
insert into genres (id, parent_id, slug, name, count) values (34, 19, 'Logistics', 'Logistics', 1);
insert into genres (id, parent_id, slug, name, count) values (35, 19, 'Realty', 'Realty', 4);
insert into genres (id, parent_id, slug, name, count) values (36, 19, 'OnlineBusiness', 'Online Business', 0);
insert into genres (id, parent_id, slug, name, count) values (37, 19, 'PublicSpeakingRhetoric', 'Public Speaking/Rhetoric', 1);
insert into genres (id, parent_id, slug, name, count) values (38, 19, 'CustomerEngagementAndLoyalty', 'Customer Engagement and Loyalty', 0);
insert into genres (id, parent_id, slug, name, count) values (39, 19, 'OfficeManagement', 'Office Management', 2);
insert into genres (id, parent_id, slug, name, count) values (40, 19, 'Conversation', 'Conversation', 1);
insert into genres (id, parent_id, slug, name, count) values (41, 19, 'StateAndMunicipalAdministrationPoliticalAdministration', 'State and Municipal Administration, Political Administration', 1);
insert into genres (id, parent_id, slug, name, count) values (42, 19, 'AboutBusinessPopular', 'About Business Popular', 1);
insert into genres (id, parent_id, slug, name, count) values (43, 19, 'SecuritiesInvestments', 'Securities/Investments', 2);
insert into genres (id, parent_id, slug, name, count) values (44, 19, 'RussianPractice', 'Russian Practice', 2);
insert into genres (id, parent_id, slug, name, count) values (45, 19, 'SuccessStories', 'Success Stories', 1);
insert into genres (id, parent_id, slug, name, count) values (46, 19, 'InternetMarketing', 'Internet Marketing', 3);
insert into genres (id, parent_id, slug, name, count) values (47, 19, 'Leadership', 'Leadership', 1);
insert into genres (id, parent_id, slug, name, count) values (48, 19, 'ProjectManagement', 'Project Management', 0);
insert into genres (id, parent_id, slug, name, count) values (49, 19, 'QualityManagement', 'Quality Management', 1);
insert into genres (id, parent_id, slug, name, count) values (50, 19, 'FinancialManagement', 'Financial Management', 0);
insert into genres (id, parent_id, slug, name, count) values (51, 19, 'HumanResourcesManagement', 'Human Resources Management', 0);
insert into genres (id, parent_id, slug, name, count) values (52, 19, 'BusinessProcesses', 'Business Processes', 1);
insert into genres (id, parent_id, slug, name, count) values (53, 19, 'BusinessManagement', 'Business Management', 1);
insert into genres (id, slug, name, count) values (54, 'Drama', 'Drama', 6);
insert into genres (id, parent_id, slug, name, count) values (55, 54, 'AncientDrama', 'Ancient Drama', 1);
insert into genres (id, parent_id, slug, name, count) values (56, 54, 'Comedy', 'Comedy', 2);
insert into genres (id, parent_id, slug, name, count) values (57, 54, 'Script', 'Script', 0);
insert into genres (id, parent_id, slug, name, count) values (58, 54, 'DramaPlay', 'Drama, Play', 3);


insert into book2genre (book_id, genre_id) values (1, 44);
insert into book2genre (book_id, genre_id) values (2, 42);
insert into book2genre (book_id, genre_id) values (3, 39);
insert into book2genre (book_id, genre_id) values (4, 49);
insert into book2genre (book_id, genre_id) values (5, 47);
insert into book2genre (book_id, genre_id) values (6, 58);
insert into book2genre (book_id, genre_id) values (7, 3);
insert into book2genre (book_id, genre_id) values (8, 35);
insert into book2genre (book_id, genre_id) values (9, 15);
insert into book2genre (book_id, genre_id) values (10, 46);
insert into book2genre (book_id, genre_id) values (11, 5);
insert into book2genre (book_id, genre_id) values (12, 56);
insert into book2genre (book_id, genre_id) values (13, 49);
insert into book2genre (book_id, genre_id) values (14, 25);
insert into book2genre (book_id, genre_id) values (15, 35);
insert into book2genre (book_id, genre_id) values (16, 3);
insert into book2genre (book_id, genre_id) values (17, 14);
insert into book2genre (book_id, genre_id) values (18, 44);
insert into book2genre (book_id, genre_id) values (19, 18);
insert into book2genre (book_id, genre_id) values (20, 7);
insert into book2genre (book_id, genre_id) values (21, 18);
insert into book2genre (book_id, genre_id) values (22, 12);
insert into book2genre (book_id, genre_id) values (23, 33);
insert into book2genre (book_id, genre_id) values (24, 18);
insert into book2genre (book_id, genre_id) values (25, 33);
insert into book2genre (book_id, genre_id) values (26, 45);
insert into book2genre (book_id, genre_id) values (27, 18);
insert into book2genre (book_id, genre_id) values (28, 18);
insert into book2genre (book_id, genre_id) values (29, 56);
insert into book2genre (book_id, genre_id) values (30, 3);
insert into book2genre (book_id, genre_id) values (31, 53);
insert into book2genre (book_id, genre_id) values (32, 24);
insert into book2genre (book_id, genre_id) values (33, 18);
insert into book2genre (book_id, genre_id) values (34, 39);
insert into book2genre (book_id, genre_id) values (35, 24);
insert into book2genre (book_id, genre_id) values (36, 30);
insert into book2genre (book_id, genre_id) values (37, 37);
insert into book2genre (book_id, genre_id) values (38, 46);
insert into book2genre (book_id, genre_id) values (39, 53);
insert into book2genre (book_id, genre_id) values (40, 16);
insert into book2genre (book_id, genre_id) values (41, 6);
insert into book2genre (book_id, genre_id) values (42, 21);
insert into book2genre (book_id, genre_id) values (43, 33);
insert into book2genre (book_id, genre_id) values (44, 7);
insert into book2genre (book_id, genre_id) values (45, 15);
insert into book2genre (book_id, genre_id) values (46, 24);
insert into book2genre (book_id, genre_id) values (47, 35);
insert into book2genre (book_id, genre_id) values (48, 43);
insert into book2genre (book_id, genre_id) values (49, 32);
insert into book2genre (book_id, genre_id) values (50, 9);
insert into book2genre (book_id, genre_id) values (51, 43);
insert into book2genre (book_id, genre_id) values (52, 5);
insert into book2genre (book_id, genre_id) values (53, 58);
insert into book2genre (book_id, genre_id) values (54, 20);
insert into book2genre (book_id, genre_id) values (55, 55);
insert into book2genre (book_id, genre_id) values (56, 41);
insert into book2genre (book_id, genre_id) values (57, 31);
insert into book2genre (book_id, genre_id) values (58, 18);
insert into book2genre (book_id, genre_id) values (59, 29);
insert into book2genre (book_id, genre_id) values (60, 20);
insert into book2genre (book_id, genre_id) values (61, 52);
insert into book2genre (book_id, genre_id) values (62, 11);
insert into book2genre (book_id, genre_id) values (63, 18);
insert into book2genre (book_id, genre_id) values (64, 2);
insert into book2genre (book_id, genre_id) values (65, 34);
insert into book2genre (book_id, genre_id) values (66, 7);
insert into book2genre (book_id, genre_id) values (67, 30);
insert into book2genre (book_id, genre_id) values (68, 46);
insert into book2genre (book_id, genre_id) values (69, 35);
insert into book2genre (book_id, genre_id) values (70, 13);
insert into book2genre (book_id, genre_id) values (71, 40);
insert into book2genre (book_id, genre_id) values (72, 24);
insert into book2genre (book_id, genre_id) values (73, 15);



insert into user_contact (id, user_id, type, approved, code, code_trials, code_time, contact) values (1, 1, true, 0, 232355, 1, '24/1/2021', '55316-315');
insert into user_contact (id, user_id, type, approved, code, code_trials, code_time, contact) values (2, 2, false, 0, 565195, 4, '24/2/2021', '21695-868');
insert into user_contact (id, user_id, type, approved, code, code_trials, code_time, contact) values (3, 3, true, 0, 591197, 4, '21/4/2020', '30142-902');
insert into user_contact (id, user_id, type, approved, code, code_trials, code_time, contact) values (4, 4, false, 1, 748123, 5, '27/10/2020', '49349-990');
insert into user_contact (id, user_id, type, approved, code, code_trials, code_time, contact) values (5, 5, true, 1, 220386, 3, '18/1/2021', '68428-719');
insert into user_contact (id, user_id, type, approved, code, code_trials, code_time, contact) values (6, 6, true, 0, 125882, 0, '12/3/2020', '58118-0015');
insert into user_contact (id, user_id, type, approved, code, code_trials, code_time, contact) values (7, 7, false, 1, 153425, 2, '15/8/2020', '63481-522');
insert into user_contact (id, user_id, type, approved, code, code_trials, code_time, contact) values (8, 8, false, 1, 162203, 5, '5/3/2020', '0268-1104');
insert into user_contact (id, user_id, type, approved, code, code_trials, code_time, contact) values (9, 9, false, 0, 401058, 0, '11/12/2020', '0363-0609');
insert into user_contact (id, user_id, type, approved, code, code_trials, code_time, contact) values (10, 10, false, 0, 317619, 3, '11/7/2020', '0781-2687');
insert into user_contact (id, user_id, type, approved, code, code_trials, code_time, contact) values (11, 11, false, 0, 190594, 6, '29/5/2020', '62742-4035');
insert into user_contact (id, user_id, type, approved, code, code_trials, code_time, contact) values (12, 12, true, 1, 425642, 2, '7/6/2020', '13537-379');
insert into user_contact (id, user_id, type, approved, code, code_trials, code_time, contact) values (13, 13, false, 0, 655004, 8, '25/3/2020', '49230-194');
insert into user_contact (id, user_id, type, approved, code, code_trials, code_time, contact) values (14, 14, false, 0, 321878, 6, '8/1/2021', '53746-203');
insert into user_contact (id, user_id, type, approved, code, code_trials, code_time, contact) values (15, 15, true, 0, 581824, 5, '5/9/2020', '0409-3796');
insert into user_contact (id, user_id, type, approved, code, code_trials, code_time, contact) values (16, 16, false, 0, 344744, 7, '12/11/2020', '65044-1301');
insert into user_contact (id, user_id, type, approved, code, code_trials, code_time, contact) values (17, 17, true, 1, 302709, 6, '6/1/2021', '0781-3168');
insert into user_contact (id, user_id, type, approved, code, code_trials, code_time, contact) values (18, 18, false, 1, 509494, 9, '9/12/2020', '57955-5077');
insert into user_contact (id, user_id, type, approved, code, code_trials, code_time, contact) values (19, 19, true, 0, 725309, 2, '18/11/2020', '52125-371');
insert into user_contact (id, user_id, type, approved, code, code_trials, code_time, contact) values (20, 20, false, 0, 916361, 1, '2/4/2020', '35356-955');
insert into user_contact (id, user_id, type, approved, code, code_trials, code_time, contact) values (21, 21, true, 1, 638133, 7, '20/12/2020', '0132-0301');
insert into user_contact (id, user_id, type, approved, code, code_trials, code_time, contact) values (22, 22, false, 1, 247178, 5, '11/7/2020', '37012-077');
insert into user_contact (id, user_id, type, approved, code, code_trials, code_time, contact) values (23, 23, false, 0, 309013, 7, '27/12/2020', '59779-299');
insert into user_contact (id, user_id, type, approved, code, code_trials, code_time, contact) values (24, 24, true, 0, 964551, 2, '27/4/2020', '0113-0277');
insert into user_contact (id, user_id, type, approved, code, code_trials, code_time, contact) values (25, 25, true, 0, 760365, 4, '5/1/2021', '0037-5020');
insert into user_contact (id, user_id, type, approved, code, code_trials, code_time, contact) values (26, 26, false, 0, 427319, 6, '27/1/2021', '41250-852');
insert into user_contact (id, user_id, type, approved, code, code_trials, code_time, contact) values (27, 27, true, 0, 787106, 7, '25/3/2020', '54569-0347');
insert into user_contact (id, user_id, type, approved, code, code_trials, code_time, contact) values (28, 28, false, 1, 245865, 9, '6/2/2021', '55154-5154');
insert into user_contact (id, user_id, type, approved, code, code_trials, code_time, contact) values (29, 29, true, 1, 574506, 1, '28/12/2020', '0603-2216');
insert into user_contact (id, user_id, type, approved, code, code_trials, code_time, contact) values (30, 30, true, 0, 340641, 6, '27/5/2020', '0363-0150');
insert into user_contact (id, user_id, type, approved, code, code_trials, code_time, contact) values (31, 31, true, 1, 301145, 0, '21/3/2020', '60505-6076');
insert into user_contact (id, user_id, type, approved, code, code_trials, code_time, contact) values (32, 32, false, 0, 459009, 7, '9/9/2020', '0363-0104');
insert into user_contact (id, user_id, type, approved, code, code_trials, code_time, contact) values (33, 33, true, 0, 776497, 5, '3/6/2020', '43406-0039');
insert into user_contact (id, user_id, type, approved, code, code_trials, code_time, contact) values (34, 34, true, 1, 557988, 1, '13/11/2020', '51718-3111');
insert into user_contact (id, user_id, type, approved, code, code_trials, code_time, contact) values (35, 35, false, 0, 956339, 4, '19/11/2020', '49349-471');
insert into user_contact (id, user_id, type, approved, code, code_trials, code_time, contact) values (36, 36, false, 1, 535768, 5, '14/5/2020', '0555-9016');
insert into user_contact (id, user_id, type, approved, code, code_trials, code_time, contact) values (37, 37, false, 0, 383784, 0, '24/6/2020', '0378-4050');
insert into user_contact (id, user_id, type, approved, code, code_trials, code_time, contact) values (38, 38, true, 0, 863243, 4, '18/4/2020', '63629-5220');
insert into user_contact (id, user_id, type, approved, code, code_trials, code_time, contact) values (39, 39, true, 0, 813771, 9, '7/11/2020', '0065-0272');
insert into user_contact (id, user_id, type, approved, code, code_trials, code_time, contact) values (40, 40, false, 0, 272383, 1, '25/10/2020', '55154-1815');
insert into user_contact (id, user_id, type, approved, code, code_trials, code_time, contact) values (41, 41, true, 1, 353517, 9, '25/1/2021', '65862-045');
insert into user_contact (id, user_id, type, approved, code, code_trials, code_time, contact) values (42, 42, true, 0, 659876, 1, '13/2/2021', '49671-001');
insert into user_contact (id, user_id, type, approved, code, code_trials, code_time, contact) values (43, 43, false, 1, 817695, 2, '18/7/2020', '65044-1454');
insert into user_contact (id, user_id, type, approved, code, code_trials, code_time, contact) values (44, 44, true, 0, 686989, 1, '9/12/2020', '0363-0069');
insert into user_contact (id, user_id, type, approved, code, code_trials, code_time, contact) values (45, 45, true, 1, 556369, 1, '28/4/2020', '21695-867');
insert into user_contact (id, user_id, type, approved, code, code_trials, code_time, contact) values (46, 46, true, 1, 657043, 3, '29/9/2020', '10812-958');
insert into user_contact (id, user_id, type, approved, code, code_trials, code_time, contact) values (47, 47, true, 0, 623432, 7, '3/11/2020', '53217-006');
insert into user_contact (id, user_id, type, approved, code, code_trials, code_time, contact) values (48, 48, false, 0, 598221, 2, '14/6/2020', '49873-050');
insert into user_contact (id, user_id, type, approved, code, code_trials, code_time, contact) values (49, 49, true, 0, 921979, 8, '19/3/2020', '67544-408');
insert into user_contact (id, user_id, type, approved, code, code_trials, code_time, contact) values (50, 50, false, 0, 477932, 6, '15/6/2020', '54458-884');
insert into user_contact (id, user_id, type, approved, code, code_trials, code_time, contact) values (51, 51, true, 0, 815030, 6, '14/11/2020', '68356-119');
insert into user_contact (id, user_id, type, approved, code, code_trials, code_time, contact) values (52, 52, false, 0, 841880, 1, '18/8/2020', '0178-0582');
insert into user_contact (id, user_id, type, approved, code, code_trials, code_time, contact) values (53, 53, true, 1, 116779, 1, '18/4/2020', '11410-694');
insert into user_contact (id, user_id, type, approved, code, code_trials, code_time, contact) values (54, 54, false, 1, 430970, 2, '17/6/2020', '55714-4407');
insert into user_contact (id, user_id, type, approved, code, code_trials, code_time, contact) values (55, 55, false, 0, 252189, 6, '20/9/2020', '65923-153');
insert into user_contact (id, user_id, type, approved, code, code_trials, code_time, contact) values (56, 56, false, 1, 117074, 0, '19/10/2020', '54569-5917');
insert into user_contact (id, user_id, type, approved, code, code_trials, code_time, contact) values (57, 57, true, 0, 962419, 6, '13/3/2020', '49288-0239');
insert into user_contact (id, user_id, type, approved, code, code_trials, code_time, contact) values (58, 58, true, 0, 841477, 9, '29/1/2021', '48951-2047');
insert into user_contact (id, user_id, type, approved, code, code_trials, code_time, contact) values (59, 59, false, 0, 553885, 4, '5/4/2020', '16714-340');
insert into user_contact (id, user_id, type, approved, code, code_trials, code_time, contact) values (60, 60, false, 0, 306974, 9, '24/5/2020', '37000-267');
insert into user_contact (id, user_id, type, approved, code, code_trials, code_time, contact) values (61, 61, false, 1, 378395, 8, '24/1/2021', '60867-103');
insert into user_contact (id, user_id, type, approved, code, code_trials, code_time, contact) values (62, 62, false, 1, 598458, 8, '10/6/2020', '63304-699');
insert into user_contact (id, user_id, type, approved, code, code_trials, code_time, contact) values (63, 63, false, 0, 870040, 4, '6/12/2020', '10056-915');
insert into user_contact (id, user_id, type, approved, code, code_trials, code_time, contact) values (64, 64, true, 1, 341561, 4, '25/10/2020', '57237-025');
insert into user_contact (id, user_id, type, approved, code, code_trials, code_time, contact) values (65, 65, false, 1, 688274, 9, '1/1/2021', '63057-0001');
insert into user_contact (id, user_id, type, approved, code, code_trials, code_time, contact) values (66, 66, false, 0, 721982, 0, '14/1/2021', '62382-0322');
insert into user_contact (id, user_id, type, approved, code, code_trials, code_time, contact) values (67, 67, true, 0, 211449, 7, '4/4/2020', '60505-2541');
insert into user_contact (id, user_id, type, approved, code, code_trials, code_time, contact) values (68, 68, true, 1, 623349, 7, '24/9/2020', '70253-229');
insert into user_contact (id, user_id, type, approved, code, code_trials, code_time, contact) values (69, 69, true, 0, 206335, 2, '26/2/2021', '43498-106');
insert into user_contact (id, user_id, type, approved, code, code_trials, code_time, contact) values (70, 70, false, 1, 657066, 3, '7/2/2021', '61995-1320');
insert into user_contact (id, user_id, type, approved, code, code_trials, code_time, contact) values (71, 71, false, 0, 891391, 3, '15/8/2020', '50458-300');
insert into user_contact (id, user_id, type, approved, code, code_trials, code_time, contact) values (72, 72, true, 1, 192112, 2, '4/1/2021', '49349-388');
insert into user_contact (id, user_id, type, approved, code, code_trials, code_time, contact) values (73, 73, false, 1, 977260, 4, '31/5/2020', '63824-712');
insert into user_contact (id, user_id, type, approved, code, code_trials, code_time, contact) values (74, 74, true, 1, 513807, 5, '4/1/2021', '0019-9889');
insert into user_contact (id, user_id, type, approved, code, code_trials, code_time, contact) values (75, 75, false, 0, 599804, 1, '18/8/2020', '60429-125');
insert into user_contact (id, user_id, type, approved, code, code_trials, code_time, contact) values (76, 76, true, 1, 912424, 2, '20/7/2020', '57955-0003');
insert into user_contact (id, user_id, type, approved, code, code_trials, code_time, contact) values (77, 77, false, 0, 600983, 3, '5/4/2020', '68479-220');
insert into user_contact (id, user_id, type, approved, code, code_trials, code_time, contact) values (78, 78, false, 1, 920461, 1, '20/8/2020', '48951-8087');
insert into user_contact (id, user_id, type, approved, code, code_trials, code_time, contact) values (79, 79, true, 1, 428886, 0, '10/10/2020', '43063-486');
insert into user_contact (id, user_id, type, approved, code, code_trials, code_time, contact) values (80, 80, false, 0, 690003, 7, '13/9/2020', '53208-480');
insert into user_contact (id, user_id, type, approved, code, code_trials, code_time, contact) values (81, 81, false, 1, 311981, 3, '7/1/2021', '0113-2365');
insert into user_contact (id, user_id, type, approved, code, code_trials, code_time, contact) values (82, 82, true, 0, 876277, 5, '17/5/2020', '0268-6794');
insert into user_contact (id, user_id, type, approved, code, code_trials, code_time, contact) values (83, 83, false, 1, 408354, 3, '2/2/2021', '49288-0005');
insert into user_contact (id, user_id, type, approved, code, code_trials, code_time, contact) values (84, 84, false, 0, 823896, 4, '27/6/2020', '50580-228');
insert into user_contact (id, user_id, type, approved, code, code_trials, code_time, contact) values (85, 85, true, 0, 587913, 1, '26/5/2020', '61919-421');
insert into user_contact (id, user_id, type, approved, code, code_trials, code_time, contact) values (86, 86, true, 1, 987637, 1, '10/9/2020', '0179-0119');
insert into user_contact (id, user_id, type, approved, code, code_trials, code_time, contact) values (87, 87, false, 0, 883847, 7, '21/8/2020', '52959-739');
insert into user_contact (id, user_id, type, approved, code, code_trials, code_time, contact) values (88, 88, true, 0, 632047, 1, '14/1/2021', '57520-0262');
insert into user_contact (id, user_id, type, approved, code, code_trials, code_time, contact) values (89, 89, false, 0, 850543, 7, '8/7/2020', '46017-023');
insert into user_contact (id, user_id, type, approved, code, code_trials, code_time, contact) values (90, 90, false, 0, 119303, 8, '6/9/2020', '36987-1697');
insert into user_contact (id, user_id, type, approved, code, code_trials, code_time, contact) values (91, 91, true, 0, 287567, 7, '3/2/2021', '53163-104');
insert into user_contact (id, user_id, type, approved, code, code_trials, code_time, contact) values (92, 92, true, 1, 653978, 8, '12/10/2020', '10096-0223');
insert into user_contact (id, user_id, type, approved, code, code_trials, code_time, contact) values (93, 93, false, 0, 260716, 3, '30/11/2020', '13537-407');
insert into user_contact (id, user_id, type, approved, code, code_trials, code_time, contact) values (94, 94, true, 1, 498918, 7, '1/12/2020', '0378-0137');
insert into user_contact (id, user_id, type, approved, code, code_trials, code_time, contact) values (95, 95, false, 1, 447504, 7, '3/4/2020', '44567-510');
insert into user_contact (id, user_id, type, approved, code, code_trials, code_time, contact) values (96, 96, true, 0, 769560, 4, '28/1/2021', '63323-462');
insert into user_contact (id, user_id, type, approved, code, code_trials, code_time, contact) values (97, 97, true, 1, 404872, 2, '14/7/2020', '10370-195');
insert into user_contact (id, user_id, type, approved, code, code_trials, code_time, contact) values (98, 98, false, 1, 394648, 7, '9/10/2020', '68151-5003');
insert into user_contact (id, user_id, type, approved, code, code_trials, code_time, contact) values (99, 99, true, 1, 768422, 0, '8/12/2020', '58466-033');
insert into user_contact (id, user_id, type, approved, code, code_trials, code_time, contact) values (100, 100, true, 1, 141213, 4, '30/11/2020', '64679-784');



insert into book2user_type (id, code, name) values (1, 'KEPT', 'KEPT');
insert into book2user_type (id, code, name) values (2, 'CART', 'CART');
insert into book2user_type (id, code, name) values (3, 'PAID', 'PAID');
insert into book2user_type (id, code, name) values (4, 'ARCHIVED', 'ARCHIVED');



insert into book2user (id, time, type_id, book_id, user_id) values (1, '1/11/2020', 4, 1, 12);
insert into book2user (id, time, type_id, book_id, user_id) values (2, '24/10/2020', 3, 53, 80);
insert into book2user (id, time, type_id, book_id, user_id) values (3, '20/8/2020', 3, 72, 26);
insert into book2user (id, time, type_id, book_id, user_id) values (4, '4/1/2021', 1, 45, 96);
insert into book2user (id, time, type_id, book_id, user_id) values (5, '16/12/2020', 2, 69, 20);
insert into book2user (id, time, type_id, book_id, user_id) values (6, '26/12/2020', 1, 16, 11);
insert into book2user (id, time, type_id, book_id, user_id) values (7, '6/4/2020', 1, 25, 60);
insert into book2user (id, time, type_id, book_id, user_id) values (8, '26/6/2020', 1, 41, 1);
insert into book2user (id, time, type_id, book_id, user_id) values (9, '6/3/2020', 4, 1, 94);
insert into book2user (id, time, type_id, book_id, user_id) values (10, '17/7/2020', 2, 32, 21);
insert into book2user (id, time, type_id, book_id, user_id) values (11, '15/11/2020', 1, 58, 65);
insert into book2user (id, time, type_id, book_id, user_id) values (12, '22/12/2020', 3, 13, 97);
insert into book2user (id, time, type_id, book_id, user_id) values (13, '11/10/2020', 4, 59, 41);
insert into book2user (id, time, type_id, book_id, user_id) values (14, '31/12/2020', 2, 65, 84);
insert into book2user (id, time, type_id, book_id, user_id) values (15, '21/3/2020', 2, 48, 71);
insert into book2user (id, time, type_id, book_id, user_id) values (16, '11/12/2020', 1, 36, 49);
insert into book2user (id, time, type_id, book_id, user_id) values (17, '30/3/2020', 1, 21, 100);
insert into book2user (id, time, type_id, book_id, user_id) values (18, '29/11/2020', 2, 54, 6);
insert into book2user (id, time, type_id, book_id, user_id) values (19, '1/12/2020', 2, 6, 49);
insert into book2user (id, time, type_id, book_id, user_id) values (20, '29/5/2020', 4, 27, 27);
insert into book2user (id, time, type_id, book_id, user_id) values (21, '21/5/2020', 3, 55, 45);
insert into book2user (id, time, type_id, book_id, user_id) values (22, '22/11/2020', 2, 6, 93);
insert into book2user (id, time, type_id, book_id, user_id) values (23, '17/12/2020', 2, 53, 19);
insert into book2user (id, time, type_id, book_id, user_id) values (24, '30/7/2020', 4, 64, 72);
insert into book2user (id, time, type_id, book_id, user_id) values (25, '26/2/2021', 2, 62, 17);
insert into book2user (id, time, type_id, book_id, user_id) values (26, '22/11/2020', 3, 32, 68);
insert into book2user (id, time, type_id, book_id, user_id) values (27, '29/5/2020', 2, 73, 58);
insert into book2user (id, time, type_id, book_id, user_id) values (28, '3/11/2020', 1, 45, 99);
insert into book2user (id, time, type_id, book_id, user_id) values (29, '17/10/2020', 4, 73, 69);
insert into book2user (id, time, type_id, book_id, user_id) values (30, '30/11/2020', 4, 25, 63);
insert into book2user (id, time, type_id, book_id, user_id) values (31, '31/5/2020', 4, 37, 13);
insert into book2user (id, time, type_id, book_id, user_id) values (32, '11/7/2020', 1, 19, 28);
insert into book2user (id, time, type_id, book_id, user_id) values (33, '24/5/2020', 3, 46, 93);
insert into book2user (id, time, type_id, book_id, user_id) values (34, '23/2/2021', 4, 62, 57);
insert into book2user (id, time, type_id, book_id, user_id) values (35, '16/7/2020', 3, 71, 65);
insert into book2user (id, time, type_id, book_id, user_id) values (36, '12/3/2020', 4, 17, 27);
insert into book2user (id, time, type_id, book_id, user_id) values (37, '15/6/2020', 3, 37, 34);
insert into book2user (id, time, type_id, book_id, user_id) values (38, '21/12/2020', 3, 41, 82);
insert into book2user (id, time, type_id, book_id, user_id) values (39, '7/11/2020', 3, 61, 42);
insert into book2user (id, time, type_id, book_id, user_id) values (40, '7/1/2021', 3, 44, 86);
insert into book2user (id, time, type_id, book_id, user_id) values (41, '30/11/2020', 2, 52, 68);
insert into book2user (id, time, type_id, book_id, user_id) values (42, '24/10/2020', 1, 66, 43);
insert into book2user (id, time, type_id, book_id, user_id) values (43, '25/10/2020', 2, 38, 15);
insert into book2user (id, time, type_id, book_id, user_id) values (44, '14/12/2020', 1, 54, 55);
insert into book2user (id, time, type_id, book_id, user_id) values (45, '19/12/2020', 1, 2, 67);
insert into book2user (id, time, type_id, book_id, user_id) values (46, '19/11/2020', 4, 72, 2);
insert into book2user (id, time, type_id, book_id, user_id) values (47, '30/5/2020', 1, 56, 22);
insert into book2user (id, time, type_id, book_id, user_id) values (48, '2/7/2020', 4, 9, 73);
insert into book2user (id, time, type_id, book_id, user_id) values (49, '20/7/2020', 1, 30, 91);
insert into book2user (id, time, type_id, book_id, user_id) values (50, '15/11/2020', 1, 39, 39);
insert into book2user (id, time, type_id, book_id, user_id) values (51, '2/10/2020', 3, 39, 91);
insert into book2user (id, time, type_id, book_id, user_id) values (52, '18/10/2020', 3, 54, 24);
insert into book2user (id, time, type_id, book_id, user_id) values (53, '30/3/2020', 1, 36, 91);
insert into book2user (id, time, type_id, book_id, user_id) values (54, '12/6/2020', 1, 63, 88);
insert into book2user (id, time, type_id, book_id, user_id) values (55, '3/7/2020', 1, 66, 3);
insert into book2user (id, time, type_id, book_id, user_id) values (56, '19/7/2020', 4, 53, 67);
insert into book2user (id, time, type_id, book_id, user_id) values (57, '31/8/2020', 2, 27, 21);
insert into book2user (id, time, type_id, book_id, user_id) values (58, '8/4/2020', 2, 61, 24);
insert into book2user (id, time, type_id, book_id, user_id) values (59, '23/12/2020', 2, 13, 31);
insert into book2user (id, time, type_id, book_id, user_id) values (60, '9/5/2020', 2, 28, 61);
insert into book2user (id, time, type_id, book_id, user_id) values (61, '1/11/2020', 4, 10, 38);
insert into book2user (id, time, type_id, book_id, user_id) values (62, '17/10/2020', 3, 34, 74);
insert into book2user (id, time, type_id, book_id, user_id) values (63, '19/11/2020', 4, 5, 55);
insert into book2user (id, time, type_id, book_id, user_id) values (64, '4/9/2020', 3, 19, 80);
insert into book2user (id, time, type_id, book_id, user_id) values (65, '18/9/2020', 1, 2, 89);
insert into book2user (id, time, type_id, book_id, user_id) values (66, '17/12/2020', 4, 50, 52);
insert into book2user (id, time, type_id, book_id, user_id) values (67, '31/3/2020', 1, 61, 66);
insert into book2user (id, time, type_id, book_id, user_id) values (68, '16/9/2020', 4, 4, 46);
insert into book2user (id, time, type_id, book_id, user_id) values (69, '27/6/2020', 3, 12, 87);
insert into book2user (id, time, type_id, book_id, user_id) values (70, '22/10/2020', 4, 48, 3);
insert into book2user (id, time, type_id, book_id, user_id) values (71, '7/9/2020', 4, 65, 60);
insert into book2user (id, time, type_id, book_id, user_id) values (72, '29/5/2020', 1, 5, 19);
insert into book2user (id, time, type_id, book_id, user_id) values (73, '12/7/2020', 4, 49, 69);
insert into book2user (id, time, type_id, book_id, user_id) values (74, '23/11/2020', 2, 51, 27);
insert into book2user (id, time, type_id, book_id, user_id) values (75, '25/9/2020', 3, 40, 1);
insert into book2user (id, time, type_id, book_id, user_id) values (76, '28/5/2020', 4, 34, 94);
insert into book2user (id, time, type_id, book_id, user_id) values (77, '24/12/2020', 4, 33, 45);
insert into book2user (id, time, type_id, book_id, user_id) values (78, '30/7/2020', 4, 62, 54);
insert into book2user (id, time, type_id, book_id, user_id) values (79, '22/2/2021', 2, 15, 68);
insert into book2user (id, time, type_id, book_id, user_id) values (80, '30/1/2021', 1, 23, 26);
insert into book2user (id, time, type_id, book_id, user_id) values (81, '30/8/2020', 1, 72, 6);
insert into book2user (id, time, type_id, book_id, user_id) values (82, '4/3/2021', 1, 34, 53);
insert into book2user (id, time, type_id, book_id, user_id) values (83, '1/9/2020', 1, 39, 58);
insert into book2user (id, time, type_id, book_id, user_id) values (84, '11/11/2020', 4, 44, 32);
insert into book2user (id, time, type_id, book_id, user_id) values (85, '15/5/2020', 2, 40, 77);
insert into book2user (id, time, type_id, book_id, user_id) values (86, '20/3/2020', 4, 34, 45);
insert into book2user (id, time, type_id, book_id, user_id) values (87, '8/12/2020', 2, 49, 63);
insert into book2user (id, time, type_id, book_id, user_id) values (88, '31/8/2020', 1, 48, 89);
insert into book2user (id, time, type_id, book_id, user_id) values (89, '27/2/2021', 2, 5, 70);
insert into book2user (id, time, type_id, book_id, user_id) values (90, '2/8/2020', 2, 4, 54);
insert into book2user (id, time, type_id, book_id, user_id) values (91, '2/5/2020', 1, 25, 66);
insert into book2user (id, time, type_id, book_id, user_id) values (92, '9/4/2020', 3, 18, 42);
insert into book2user (id, time, type_id, book_id, user_id) values (93, '4/3/2021', 1, 45, 85);
insert into book2user (id, time, type_id, book_id, user_id) values (94, '10/4/2020', 2, 56, 95);
insert into book2user (id, time, type_id, book_id, user_id) values (95, '10/10/2020', 4, 3, 50);
insert into book2user (id, time, type_id, book_id, user_id) values (96, '4/6/2020', 1, 45, 75);
insert into book2user (id, time, type_id, book_id, user_id) values (97, '5/11/2020', 3, 65, 56);
insert into book2user (id, time, type_id, book_id, user_id) values (98, '21/12/2020', 2, 71, 48);
insert into book2user (id, time, type_id, book_id, user_id) values (99, '10/1/2021', 1, 62, 92);
insert into book2user (id, time, type_id, book_id, user_id) values (100, '5/3/2020', 2, 55, 8);
insert into book2user (id, time, type_id, book_id, user_id) values (101, '18/5/2020', 4, 48, 28);
insert into book2user (id, time, type_id, book_id, user_id) values (102, '12/12/2020', 4, 67, 12);
insert into book2user (id, time, type_id, book_id, user_id) values (103, '21/11/2020', 4, 2, 58);
insert into book2user (id, time, type_id, book_id, user_id) values (104, '23/5/2020', 1, 47, 42);
insert into book2user (id, time, type_id, book_id, user_id) values (105, '5/10/2020', 2, 32, 75);
insert into book2user (id, time, type_id, book_id, user_id) values (106, '6/11/2020', 2, 6, 83);
insert into book2user (id, time, type_id, book_id, user_id) values (107, '13/10/2020', 1, 2, 41);
insert into book2user (id, time, type_id, book_id, user_id) values (108, '14/12/2020', 4, 55, 21);
insert into book2user (id, time, type_id, book_id, user_id) values (109, '22/8/2020', 1, 16, 15);
insert into book2user (id, time, type_id, book_id, user_id) values (110, '23/8/2020', 3, 42, 90);
insert into book2user (id, time, type_id, book_id, user_id) values (111, '24/4/2020', 4, 69, 97);
insert into book2user (id, time, type_id, book_id, user_id) values (112, '13/1/2021', 1, 73, 37);
insert into book2user (id, time, type_id, book_id, user_id) values (113, '29/6/2020', 2, 54, 41);
insert into book2user (id, time, type_id, book_id, user_id) values (114, '10/8/2020', 2, 61, 65);
insert into book2user (id, time, type_id, book_id, user_id) values (115, '6/12/2020', 2, 6, 12);
insert into book2user (id, time, type_id, book_id, user_id) values (116, '19/5/2020', 2, 68, 87);
insert into book2user (id, time, type_id, book_id, user_id) values (117, '6/6/2020', 1, 29, 23);
insert into book2user (id, time, type_id, book_id, user_id) values (118, '18/6/2020', 1, 21, 23);
insert into book2user (id, time, type_id, book_id, user_id) values (119, '19/10/2020', 3, 31, 75);
insert into book2user (id, time, type_id, book_id, user_id) values (120, '4/8/2020', 4, 62, 59);



insert into balance_transaction (id, user_id, time, value, book_id, description) values (1, 39, '2/9/2020', -133, 33, 'Donec diam neque, vestibulum eget, vulputate ut, ultrices vel, augue. Vestibulum ante ipsum primis in faucibus orci luctus et ultrices posuere cubilia Curae; Donec pharetra, magna vestibulum aliquet ultrices, erat tortor sollicitudin mi, sit amet lobortis sapien sapien non mi. Integer ac neque. Duis bibendum. Morbi non quam nec dui luctus rutrum. Nulla tellus. In sagittis dui vel nisl. Duis ac nibh. Fusce lacus purus, aliquet at, feugiat non, pretium quis, lectus.');
insert into balance_transaction (id, user_id, time, value, book_id, description) values (2, 54, '28/12/2020', -15, 52, 'Proin at turpis a pede posuere nonummy. Integer non velit. Donec diam neque, vestibulum eget, vulputate ut, ultrices vel, augue. Vestibulum ante ipsum primis in faucibus orci luctus et ultrices posuere cubilia Curae; Donec pharetra, magna vestibulum aliquet ultrices, erat tortor sollicitudin mi, sit amet lobortis sapien sapien non mi. Integer ac neque. Duis bibendum. Morbi non quam nec dui luctus rutrum. Nulla tellus. In sagittis dui vel nisl. Duis ac nibh. Fusce lacus purus, aliquet at, feugiat non, pretium quis, lectus. Suspendisse potenti. In eleifend quam a odio. In hac habitasse platea dictumst. Maecenas ut massa quis augue luctus tincidunt. Nulla mollis molestie lorem. Quisque ut erat. Curabitur gravida nisi at nibh. In hac habitasse platea dictumst. Aliquam augue quam, sollicitudin vitae, consectetuer eget, rutrum at, lorem. Integer tincidunt ante vel ipsum. Praesent blandit lacinia erat.');
insert into balance_transaction (id, user_id, time, value, book_id, description) values (3, 84, '10/10/2020', -186, 44, 'Etiam pretium iaculis justo. In hac habitasse platea dictumst. Etiam faucibus cursus urna. Ut tellus. Nulla ut erat id mauris vulputate elementum. Nullam varius. Nulla facilisi. Cras non velit nec nisi vulputate nonummy. Maecenas tincidunt lacus at velit. Vivamus vel nulla eget eros elementum pellentesque. Quisque porta volutpat erat. Quisque erat eros, viverra eget, congue eget, semper rutrum, nulla. Nunc purus. Phasellus in felis. Donec semper sapien a libero. Nam dui. Proin leo odio, porttitor id, consequat in, consequat ut, nulla. Sed accumsan felis. Ut at dolor quis odio consequat varius. Integer ac leo. Pellentesque ultrices mattis odio. Donec vitae nisi. Nam ultrices, libero non mattis pulvinar, nulla pede ullamcorper augue, a suscipit nulla elit ac nulla. Sed vel enim sit amet nunc viverra dapibus. Nulla suscipit ligula in lacus. Curabitur at ipsum ac tellus semper interdum. Mauris ullamcorper purus sit amet nulla. Quisque arcu libero, rutrum ac, lobortis vel, dapibus at, diam. Nam tristique tortor eu pede.');
insert into balance_transaction (id, user_id, time, value, book_id, description) values (4, 44, '5/6/2020', 111, 28, 'Nulla mollis molestie lorem. Quisque ut erat. Curabitur gravida nisi at nibh. In hac habitasse platea dictumst. Aliquam augue quam, sollicitudin vitae, consectetuer eget, rutrum at, lorem. Integer tincidunt ante vel ipsum. Praesent blandit lacinia erat. Vestibulum sed magna at nunc commodo placerat. Praesent blandit. Nam nulla.');
insert into balance_transaction (id, user_id, time, value, book_id, description) values (5, 90, '22/11/2020', 69, 48, 'Pellentesque eget nunc. Donec quis orci eget orci vehicula condimentum. Curabitur in libero ut massa volutpat convallis. Morbi odio odio, elementum eu, interdum eu, tincidunt in, leo. Maecenas pulvinar lobortis est. Phasellus sit amet erat. Nulla tempus. Vivamus in felis eu sapien cursus vestibulum. Proin eu mi. Nulla ac enim.');
insert into balance_transaction (id, user_id, time, value, book_id, description) values (6, 59, '28/10/2020', -153, 54, 'Aenean lectus. Pellentesque eget nunc. Donec quis orci eget orci vehicula condimentum. Curabitur in libero ut massa volutpat convallis. Morbi odio odio, elementum eu, interdum eu, tincidunt in, leo. Maecenas pulvinar lobortis est. Phasellus sit amet erat. Nulla tempus. Vivamus in felis eu sapien cursus vestibulum. Proin eu mi. Nulla ac enim. In tempor, turpis nec euismod scelerisque, quam turpis adipiscing lorem, vitae mattis nibh ligula nec sem. Duis aliquam convallis nunc. Proin at turpis a pede posuere nonummy. Integer non velit. Donec diam neque, vestibulum eget, vulputate ut, ultrices vel, augue. Vestibulum ante ipsum primis in faucibus orci luctus et ultrices posuere cubilia Curae; Donec pharetra, magna vestibulum aliquet ultrices, erat tortor sollicitudin mi, sit amet lobortis sapien sapien non mi. Integer ac neque. Duis bibendum. Morbi non quam nec dui luctus rutrum. Nulla tellus. In sagittis dui vel nisl.');
insert into balance_transaction (id, user_id, time, value, book_id, description) values (7, 26, '26/9/2020', -125, 66, 'Maecenas rhoncus aliquam lacus. Morbi quis tortor id nulla ultrices aliquet. Maecenas leo odio, condimentum id, luctus nec, molestie sed, justo. Pellentesque viverra pede ac diam. Cras pellentesque volutpat dui. Maecenas tristique, est et tempus semper, est quam pharetra magna, ac consequat metus sapien ut nunc. Vestibulum ante ipsum primis in faucibus orci luctus et ultrices posuere cubilia Curae; Mauris viverra diam vitae quam. Suspendisse potenti. Nullam porttitor lacus at turpis. Donec posuere metus vitae ipsum. Aliquam non mauris. Morbi non lectus. Aliquam sit amet diam in magna bibendum imperdiet. Nullam orci pede, venenatis non, sodales sed, tincidunt eu, felis. Fusce posuere felis sed lacus. Morbi sem mauris, laoreet ut, rhoncus aliquet, pulvinar sed, nisl. Nunc rhoncus dui vel sem. Sed sagittis. Nam congue, risus semper porta volutpat, quam pede lobortis ligula, sit amet eleifend pede libero quis orci. Nullam molestie nibh in lectus.');
insert into balance_transaction (id, user_id, time, value, book_id, description) values (8, 75, '25/3/2020', -99, 9, 'Nulla nisl. Nunc nisl. Duis bibendum, felis sed interdum venenatis, turpis enim blandit mi, in porttitor pede justo eu massa. Donec dapibus. Duis at velit eu est congue elementum. In hac habitasse platea dictumst. Morbi vestibulum, velit id pretium iaculis, diam erat fermentum justo, nec condimentum neque sapien placerat ante. Nulla justo. Aliquam quis turpis eget elit sodales scelerisque. Mauris sit amet eros. Suspendisse accumsan tortor quis turpis. Sed ante. Vivamus tortor. Duis mattis egestas metus. Aenean fermentum. Donec ut mauris eget massa tempor convallis. Nulla neque libero, convallis eget, eleifend luctus, ultricies eu, nibh. Quisque id justo sit amet sapien dignissim vestibulum. Vestibulum ante ipsum primis in faucibus orci luctus et ultrices posuere cubilia Curae; Nulla dapibus dolor vel est. Donec odio justo, sollicitudin ut, suscipit a, feugiat et, eros. Vestibulum ac est lacinia nisi venenatis tristique. Fusce congue, diam id ornare imperdiet, sapien urna pretium nisl, ut volutpat sapien arcu sed augue. Aliquam erat volutpat. In congue. Etiam justo. Etiam pretium iaculis justo. In hac habitasse platea dictumst. Etiam faucibus cursus urna.');
insert into balance_transaction (id, user_id, time, value, book_id, description) values (9, 44, '26/9/2020', 133, 20, 'Sed accumsan felis. Ut at dolor quis odio consequat varius. Integer ac leo.');
insert into balance_transaction (id, user_id, time, value, book_id, description) values (10, 37, '17/3/2020', -167, 29, 'Fusce consequat. Nulla nisl. Nunc nisl. Duis bibendum, felis sed interdum venenatis, turpis enim blandit mi, in porttitor pede justo eu massa. Donec dapibus.');
insert into balance_transaction (id, user_id, time, value, book_id, description) values (11, 56, '25/8/2020', 20, 16, 'Morbi vestibulum, velit id pretium iaculis, diam erat fermentum justo, nec condimentum neque sapien placerat ante. Nulla justo. Aliquam quis turpis eget elit sodales scelerisque. Mauris sit amet eros. Suspendisse accumsan tortor quis turpis. Sed ante. Vivamus tortor. Duis mattis egestas metus. Aenean fermentum. Donec ut mauris eget massa tempor convallis. Nulla neque libero, convallis eget, eleifend luctus, ultricies eu, nibh. Quisque id justo sit amet sapien dignissim vestibulum. Vestibulum ante ipsum primis in faucibus orci luctus et ultrices posuere cubilia Curae; Nulla dapibus dolor vel est. Donec odio justo, sollicitudin ut, suscipit a, feugiat et, eros. Vestibulum ac est lacinia nisi venenatis tristique. Fusce congue, diam id ornare imperdiet, sapien urna pretium nisl, ut volutpat sapien arcu sed augue. Aliquam erat volutpat. In congue. Etiam justo. Etiam pretium iaculis justo. In hac habitasse platea dictumst. Etiam faucibus cursus urna. Ut tellus. Nulla ut erat id mauris vulputate elementum. Nullam varius.');
insert into balance_transaction (id, user_id, time, value, book_id, description) values (12, 80, '18/2/2021', 139, 21, 'Aenean sit amet justo. Morbi ut odio. Cras mi pede, malesuada in, imperdiet et, commodo vulputate, justo. In blandit ultrices enim. Lorem ipsum dolor sit amet, consectetuer adipiscing elit. Proin interdum mauris non ligula pellentesque ultrices. Phasellus id sapien in sapien iaculis congue. Vivamus metus arcu, adipiscing molestie, hendrerit at, vulputate vitae, nisl. Aenean lectus. Pellentesque eget nunc. Donec quis orci eget orci vehicula condimentum. Curabitur in libero ut massa volutpat convallis. Morbi odio odio, elementum eu, interdum eu, tincidunt in, leo. Maecenas pulvinar lobortis est. Phasellus sit amet erat. Nulla tempus. Vivamus in felis eu sapien cursus vestibulum. Proin eu mi. Nulla ac enim. In tempor, turpis nec euismod scelerisque, quam turpis adipiscing lorem, vitae mattis nibh ligula nec sem. Duis aliquam convallis nunc. Proin at turpis a pede posuere nonummy. Integer non velit. Donec diam neque, vestibulum eget, vulputate ut, ultrices vel, augue. Vestibulum ante ipsum primis in faucibus orci luctus et ultrices posuere cubilia Curae; Donec pharetra, magna vestibulum aliquet ultrices, erat tortor sollicitudin mi, sit amet lobortis sapien sapien non mi. Integer ac neque. Duis bibendum.');
insert into balance_transaction (id, user_id, time, value, book_id, description) values (13, 13, '11/10/2020', 140, 13, 'Etiam vel augue. Vestibulum rutrum rutrum neque.');
insert into balance_transaction (id, user_id, time, value, book_id, description) values (14, 62, '7/4/2020', -4, 55, 'Donec ut mauris eget massa tempor convallis. Nulla neque libero, convallis eget, eleifend luctus, ultricies eu, nibh. Quisque id justo sit amet sapien dignissim vestibulum. Vestibulum ante ipsum primis in faucibus orci luctus et ultrices posuere cubilia Curae; Nulla dapibus dolor vel est. Donec odio justo, sollicitudin ut, suscipit a, feugiat et, eros. Vestibulum ac est lacinia nisi venenatis tristique. Fusce congue, diam id ornare imperdiet, sapien urna pretium nisl, ut volutpat sapien arcu sed augue. Aliquam erat volutpat. In congue. Etiam justo.');
insert into balance_transaction (id, user_id, time, value, book_id, description) values (15, 18, '5/10/2020', 149, 68, 'Proin leo odio, porttitor id, consequat in, consequat ut, nulla.');
insert into balance_transaction (id, user_id, time, value, book_id, description) values (16, 50, '28/6/2020', -55, 11, 'Suspendisse accumsan tortor quis turpis. Sed ante. Vivamus tortor. Duis mattis egestas metus. Aenean fermentum. Donec ut mauris eget massa tempor convallis. Nulla neque libero, convallis eget, eleifend luctus, ultricies eu, nibh. Quisque id justo sit amet sapien dignissim vestibulum. Vestibulum ante ipsum primis in faucibus orci luctus et ultrices posuere cubilia Curae; Nulla dapibus dolor vel est. Donec odio justo, sollicitudin ut, suscipit a, feugiat et, eros. Vestibulum ac est lacinia nisi venenatis tristique. Fusce congue, diam id ornare imperdiet, sapien urna pretium nisl, ut volutpat sapien arcu sed augue. Aliquam erat volutpat. In congue. Etiam justo. Etiam pretium iaculis justo. In hac habitasse platea dictumst. Etiam faucibus cursus urna. Ut tellus. Nulla ut erat id mauris vulputate elementum. Nullam varius. Nulla facilisi. Cras non velit nec nisi vulputate nonummy. Maecenas tincidunt lacus at velit. Vivamus vel nulla eget eros elementum pellentesque. Quisque porta volutpat erat. Quisque erat eros, viverra eget, congue eget, semper rutrum, nulla. Nunc purus. Phasellus in felis. Donec semper sapien a libero.');
insert into balance_transaction (id, user_id, time, value, book_id, description) values (17, 100, '7/10/2020', 89, 39, 'In hac habitasse platea dictumst. Aliquam augue quam, sollicitudin vitae, consectetuer eget, rutrum at, lorem. Integer tincidunt ante vel ipsum. Praesent blandit lacinia erat. Vestibulum sed magna at nunc commodo placerat. Praesent blandit. Nam nulla.');
insert into balance_transaction (id, user_id, time, value, book_id, description) values (18, 78, '26/1/2021', -33, 48, 'Morbi ut odio. Cras mi pede, malesuada in, imperdiet et, commodo vulputate, justo. In blandit ultrices enim. Lorem ipsum dolor sit amet, consectetuer adipiscing elit. Proin interdum mauris non ligula pellentesque ultrices. Phasellus id sapien in sapien iaculis congue. Vivamus metus arcu, adipiscing molestie, hendrerit at, vulputate vitae, nisl.');
insert into balance_transaction (id, user_id, time, value, book_id, description) values (19, 92, '27/5/2020', -12, 10, 'Donec vitae nisi. Nam ultrices, libero non mattis pulvinar, nulla pede ullamcorper augue, a suscipit nulla elit ac nulla. Sed vel enim sit amet nunc viverra dapibus. Nulla suscipit ligula in lacus.');
insert into balance_transaction (id, user_id, time, value, book_id, description) values (20, 19, '8/2/2021', -2, 52, 'Aenean fermentum. Donec ut mauris eget massa tempor convallis.');
insert into balance_transaction (id, user_id, time, value, book_id, description) values (21, 29, '20/4/2020', 176, 32, 'Maecenas leo odio, condimentum id, luctus nec, molestie sed, justo. Pellentesque viverra pede ac diam. Cras pellentesque volutpat dui. Maecenas tristique, est et tempus semper, est quam pharetra magna, ac consequat metus sapien ut nunc. Vestibulum ante ipsum primis in faucibus orci luctus et ultrices posuere cubilia Curae; Mauris viverra diam vitae quam. Suspendisse potenti. Nullam porttitor lacus at turpis. Donec posuere metus vitae ipsum. Aliquam non mauris. Morbi non lectus. Aliquam sit amet diam in magna bibendum imperdiet. Nullam orci pede, venenatis non, sodales sed, tincidunt eu, felis. Fusce posuere felis sed lacus. Morbi sem mauris, laoreet ut, rhoncus aliquet, pulvinar sed, nisl. Nunc rhoncus dui vel sem. Sed sagittis. Nam congue, risus semper porta volutpat, quam pede lobortis ligula, sit amet eleifend pede libero quis orci. Nullam molestie nibh in lectus.');
insert into balance_transaction (id, user_id, time, value, book_id, description) values (22, 63, '14/11/2020', -3, 52, 'In hac habitasse platea dictumst. Morbi vestibulum, velit id pretium iaculis, diam erat fermentum justo, nec condimentum neque sapien placerat ante. Nulla justo. Aliquam quis turpis eget elit sodales scelerisque. Mauris sit amet eros.');
insert into balance_transaction (id, user_id, time, value, book_id, description) values (23, 41, '17/4/2020', 131, 30, 'Aenean auctor gravida sem. Praesent id massa id nisl venenatis lacinia.');
insert into balance_transaction (id, user_id, time, value, book_id, description) values (24, 58, '27/4/2020', -180, 20, 'Aenean fermentum. Donec ut mauris eget massa tempor convallis. Nulla neque libero, convallis eget, eleifend luctus, ultricies eu, nibh. Quisque id justo sit amet sapien dignissim vestibulum. Vestibulum ante ipsum primis in faucibus orci luctus et ultrices posuere cubilia Curae; Nulla dapibus dolor vel est. Donec odio justo, sollicitudin ut, suscipit a, feugiat et, eros. Vestibulum ac est lacinia nisi venenatis tristique. Fusce congue, diam id ornare imperdiet, sapien urna pretium nisl, ut volutpat sapien arcu sed augue. Aliquam erat volutpat. In congue. Etiam justo. Etiam pretium iaculis justo. In hac habitasse platea dictumst. Etiam faucibus cursus urna. Ut tellus. Nulla ut erat id mauris vulputate elementum. Nullam varius. Nulla facilisi. Cras non velit nec nisi vulputate nonummy. Maecenas tincidunt lacus at velit. Vivamus vel nulla eget eros elementum pellentesque. Quisque porta volutpat erat.');
insert into balance_transaction (id, user_id, time, value, book_id, description) values (25, 30, '28/1/2021', 187, 41, 'Etiam faucibus cursus urna. Ut tellus. Nulla ut erat id mauris vulputate elementum. Nullam varius. Nulla facilisi. Cras non velit nec nisi vulputate nonummy. Maecenas tincidunt lacus at velit. Vivamus vel nulla eget eros elementum pellentesque. Quisque porta volutpat erat. Quisque erat eros, viverra eget, congue eget, semper rutrum, nulla. Nunc purus. Phasellus in felis.');
insert into balance_transaction (id, user_id, time, value, book_id, description) values (26, 42, '31/10/2020', -106, 36, 'Nulla nisl. Nunc nisl. Duis bibendum, felis sed interdum venenatis, turpis enim blandit mi, in porttitor pede justo eu massa. Donec dapibus. Duis at velit eu est congue elementum. In hac habitasse platea dictumst. Morbi vestibulum, velit id pretium iaculis, diam erat fermentum justo, nec condimentum neque sapien placerat ante. Nulla justo. Aliquam quis turpis eget elit sodales scelerisque. Mauris sit amet eros. Suspendisse accumsan tortor quis turpis. Sed ante. Vivamus tortor. Duis mattis egestas metus. Aenean fermentum. Donec ut mauris eget massa tempor convallis.');
insert into balance_transaction (id, user_id, time, value, book_id, description) values (27, 91, '29/5/2020', -25, 51, 'Fusce congue, diam id ornare imperdiet, sapien urna pretium nisl, ut volutpat sapien arcu sed augue. Aliquam erat volutpat. In congue. Etiam justo. Etiam pretium iaculis justo. In hac habitasse platea dictumst. Etiam faucibus cursus urna. Ut tellus. Nulla ut erat id mauris vulputate elementum. Nullam varius. Nulla facilisi.');
insert into balance_transaction (id, user_id, time, value, book_id, description) values (28, 7, '15/8/2020', 58, 12, 'Aenean auctor gravida sem. Praesent id massa id nisl venenatis lacinia. Aenean sit amet justo. Morbi ut odio. Cras mi pede, malesuada in, imperdiet et, commodo vulputate, justo. In blandit ultrices enim. Lorem ipsum dolor sit amet, consectetuer adipiscing elit. Proin interdum mauris non ligula pellentesque ultrices. Phasellus id sapien in sapien iaculis congue. Vivamus metus arcu, adipiscing molestie, hendrerit at, vulputate vitae, nisl. Aenean lectus. Pellentesque eget nunc. Donec quis orci eget orci vehicula condimentum. Curabitur in libero ut massa volutpat convallis. Morbi odio odio, elementum eu, interdum eu, tincidunt in, leo. Maecenas pulvinar lobortis est. Phasellus sit amet erat. Nulla tempus. Vivamus in felis eu sapien cursus vestibulum. Proin eu mi.');
insert into balance_transaction (id, user_id, time, value, book_id, description) values (29, 2, '27/2/2021', -106, 45, 'Morbi vestibulum, velit id pretium iaculis, diam erat fermentum justo, nec condimentum neque sapien placerat ante. Nulla justo. Aliquam quis turpis eget elit sodales scelerisque. Mauris sit amet eros. Suspendisse accumsan tortor quis turpis. Sed ante. Vivamus tortor. Duis mattis egestas metus. Aenean fermentum. Donec ut mauris eget massa tempor convallis. Nulla neque libero, convallis eget, eleifend luctus, ultricies eu, nibh. Quisque id justo sit amet sapien dignissim vestibulum. Vestibulum ante ipsum primis in faucibus orci luctus et ultrices posuere cubilia Curae; Nulla dapibus dolor vel est. Donec odio justo, sollicitudin ut, suscipit a, feugiat et, eros. Vestibulum ac est lacinia nisi venenatis tristique. Fusce congue, diam id ornare imperdiet, sapien urna pretium nisl, ut volutpat sapien arcu sed augue. Aliquam erat volutpat. In congue. Etiam justo. Etiam pretium iaculis justo. In hac habitasse platea dictumst. Etiam faucibus cursus urna. Ut tellus. Nulla ut erat id mauris vulputate elementum.');
insert into balance_transaction (id, user_id, time, value, book_id, description) values (30, 20, '7/2/2021', 198, 21, 'Phasellus in felis. Donec semper sapien a libero. Nam dui.');
insert into balance_transaction (id, user_id, time, value, book_id, description) values (31, 64, '4/5/2020', -114, 34, 'Vivamus tortor. Duis mattis egestas metus. Aenean fermentum.');
insert into balance_transaction (id, user_id, time, value, book_id, description) values (32, 50, '3/9/2020', -137, 34, 'Integer aliquet, massa id lobortis convallis, tortor risus dapibus augue, vel accumsan tellus nisi eu orci. Mauris lacinia sapien quis libero. Nullam sit amet turpis elementum ligula vehicula consequat. Morbi a ipsum. Integer a nibh. In quis justo. Maecenas rhoncus aliquam lacus. Morbi quis tortor id nulla ultrices aliquet. Maecenas leo odio, condimentum id, luctus nec, molestie sed, justo. Pellentesque viverra pede ac diam. Cras pellentesque volutpat dui. Maecenas tristique, est et tempus semper, est quam pharetra magna, ac consequat metus sapien ut nunc. Vestibulum ante ipsum primis in faucibus orci luctus et ultrices posuere cubilia Curae; Mauris viverra diam vitae quam. Suspendisse potenti. Nullam porttitor lacus at turpis. Donec posuere metus vitae ipsum. Aliquam non mauris. Morbi non lectus. Aliquam sit amet diam in magna bibendum imperdiet. Nullam orci pede, venenatis non, sodales sed, tincidunt eu, felis. Fusce posuere felis sed lacus. Morbi sem mauris, laoreet ut, rhoncus aliquet, pulvinar sed, nisl. Nunc rhoncus dui vel sem. Sed sagittis. Nam congue, risus semper porta volutpat, quam pede lobortis ligula, sit amet eleifend pede libero quis orci. Nullam molestie nibh in lectus. Pellentesque at nulla. Suspendisse potenti. Cras in purus eu magna vulputate luctus.');
insert into balance_transaction (id, user_id, time, value, book_id, description) values (33, 72, '26/4/2020', -97, 30, 'In est risus, auctor sed, tristique in, tempus sit amet, sem. Fusce consequat. Nulla nisl. Nunc nisl. Duis bibendum, felis sed interdum venenatis, turpis enim blandit mi, in porttitor pede justo eu massa. Donec dapibus. Duis at velit eu est congue elementum. In hac habitasse platea dictumst. Morbi vestibulum, velit id pretium iaculis, diam erat fermentum justo, nec condimentum neque sapien placerat ante. Nulla justo. Aliquam quis turpis eget elit sodales scelerisque. Mauris sit amet eros. Suspendisse accumsan tortor quis turpis. Sed ante. Vivamus tortor.');
insert into balance_transaction (id, user_id, time, value, book_id, description) values (34, 23, '27/5/2020', 7, 9, 'Morbi porttitor lorem id ligula. Suspendisse ornare consequat lectus. In est risus, auctor sed, tristique in, tempus sit amet, sem. Fusce consequat. Nulla nisl. Nunc nisl. Duis bibendum, felis sed interdum venenatis, turpis enim blandit mi, in porttitor pede justo eu massa. Donec dapibus. Duis at velit eu est congue elementum. In hac habitasse platea dictumst. Morbi vestibulum, velit id pretium iaculis, diam erat fermentum justo, nec condimentum neque sapien placerat ante. Nulla justo.');
insert into balance_transaction (id, user_id, time, value, book_id, description) values (35, 59, '8/6/2020', -173, 13, 'Vestibulum ac est lacinia nisi venenatis tristique. Fusce congue, diam id ornare imperdiet, sapien urna pretium nisl, ut volutpat sapien arcu sed augue. Aliquam erat volutpat. In congue. Etiam justo. Etiam pretium iaculis justo. In hac habitasse platea dictumst. Etiam faucibus cursus urna. Ut tellus. Nulla ut erat id mauris vulputate elementum. Nullam varius. Nulla facilisi. Cras non velit nec nisi vulputate nonummy. Maecenas tincidunt lacus at velit. Vivamus vel nulla eget eros elementum pellentesque. Quisque porta volutpat erat. Quisque erat eros, viverra eget, congue eget, semper rutrum, nulla. Nunc purus. Phasellus in felis. Donec semper sapien a libero. Nam dui. Proin leo odio, porttitor id, consequat in, consequat ut, nulla.');
insert into balance_transaction (id, user_id, time, value, book_id, description) values (36, 73, '10/10/2020', 120, 43, 'Duis bibendum. Morbi non quam nec dui luctus rutrum. Nulla tellus. In sagittis dui vel nisl. Duis ac nibh.');
insert into balance_transaction (id, user_id, time, value, book_id, description) values (37, 9, '27/8/2020', -199, 31, 'In tempor, turpis nec euismod scelerisque, quam turpis adipiscing lorem, vitae mattis nibh ligula nec sem. Duis aliquam convallis nunc. Proin at turpis a pede posuere nonummy. Integer non velit. Donec diam neque, vestibulum eget, vulputate ut, ultrices vel, augue. Vestibulum ante ipsum primis in faucibus orci luctus et ultrices posuere cubilia Curae; Donec pharetra, magna vestibulum aliquet ultrices, erat tortor sollicitudin mi, sit amet lobortis sapien sapien non mi. Integer ac neque. Duis bibendum. Morbi non quam nec dui luctus rutrum. Nulla tellus. In sagittis dui vel nisl. Duis ac nibh.');
insert into balance_transaction (id, user_id, time, value, book_id, description) values (38, 24, '28/7/2020', 139, 32, 'Vestibulum ante ipsum primis in faucibus orci luctus et ultrices posuere cubilia Curae; Nulla dapibus dolor vel est. Donec odio justo, sollicitudin ut, suscipit a, feugiat et, eros. Vestibulum ac est lacinia nisi venenatis tristique. Fusce congue, diam id ornare imperdiet, sapien urna pretium nisl, ut volutpat sapien arcu sed augue. Aliquam erat volutpat. In congue. Etiam justo. Etiam pretium iaculis justo. In hac habitasse platea dictumst. Etiam faucibus cursus urna. Ut tellus. Nulla ut erat id mauris vulputate elementum. Nullam varius. Nulla facilisi. Cras non velit nec nisi vulputate nonummy. Maecenas tincidunt lacus at velit. Vivamus vel nulla eget eros elementum pellentesque. Quisque porta volutpat erat. Quisque erat eros, viverra eget, congue eget, semper rutrum, nulla. Nunc purus. Phasellus in felis. Donec semper sapien a libero. Nam dui. Proin leo odio, porttitor id, consequat in, consequat ut, nulla. Sed accumsan felis. Ut at dolor quis odio consequat varius. Integer ac leo.');
insert into balance_transaction (id, user_id, time, value, book_id, description) values (39, 21, '15/8/2020', 166, 46, 'Pellentesque viverra pede ac diam. Cras pellentesque volutpat dui. Maecenas tristique, est et tempus semper, est quam pharetra magna, ac consequat metus sapien ut nunc. Vestibulum ante ipsum primis in faucibus orci luctus et ultrices posuere cubilia Curae; Mauris viverra diam vitae quam. Suspendisse potenti. Nullam porttitor lacus at turpis. Donec posuere metus vitae ipsum. Aliquam non mauris. Morbi non lectus. Aliquam sit amet diam in magna bibendum imperdiet. Nullam orci pede, venenatis non, sodales sed, tincidunt eu, felis. Fusce posuere felis sed lacus. Morbi sem mauris, laoreet ut, rhoncus aliquet, pulvinar sed, nisl. Nunc rhoncus dui vel sem. Sed sagittis. Nam congue, risus semper porta volutpat, quam pede lobortis ligula, sit amet eleifend pede libero quis orci. Nullam molestie nibh in lectus. Pellentesque at nulla.');
insert into balance_transaction (id, user_id, time, value, book_id, description) values (40, 42, '11/7/2020', -49, 36, 'Aliquam erat volutpat. In congue. Etiam justo. Etiam pretium iaculis justo. In hac habitasse platea dictumst. Etiam faucibus cursus urna. Ut tellus. Nulla ut erat id mauris vulputate elementum. Nullam varius. Nulla facilisi. Cras non velit nec nisi vulputate nonummy. Maecenas tincidunt lacus at velit. Vivamus vel nulla eget eros elementum pellentesque. Quisque porta volutpat erat. Quisque erat eros, viverra eget, congue eget, semper rutrum, nulla. Nunc purus. Phasellus in felis. Donec semper sapien a libero.');
insert into balance_transaction (id, user_id, time, value, book_id, description) values (41, 97, '20/5/2020', -84, 8, 'Nullam molestie nibh in lectus. Pellentesque at nulla. Suspendisse potenti. Cras in purus eu magna vulputate luctus. Cum sociis natoque penatibus et magnis dis parturient montes, nascetur ridiculus mus. Vivamus vestibulum sagittis sapien. Cum sociis natoque penatibus et magnis dis parturient montes, nascetur ridiculus mus. Etiam vel augue. Vestibulum rutrum rutrum neque. Aenean auctor gravida sem. Praesent id massa id nisl venenatis lacinia. Aenean sit amet justo. Morbi ut odio. Cras mi pede, malesuada in, imperdiet et, commodo vulputate, justo. In blandit ultrices enim. Lorem ipsum dolor sit amet, consectetuer adipiscing elit. Proin interdum mauris non ligula pellentesque ultrices. Phasellus id sapien in sapien iaculis congue. Vivamus metus arcu, adipiscing molestie, hendrerit at, vulputate vitae, nisl. Aenean lectus. Pellentesque eget nunc. Donec quis orci eget orci vehicula condimentum. Curabitur in libero ut massa volutpat convallis.');
insert into balance_transaction (id, user_id, time, value, book_id, description) values (42, 7, '10/11/2020', 129, 24, 'Cras in purus eu magna vulputate luctus. Cum sociis natoque penatibus et magnis dis parturient montes, nascetur ridiculus mus. Vivamus vestibulum sagittis sapien. Cum sociis natoque penatibus et magnis dis parturient montes, nascetur ridiculus mus. Etiam vel augue. Vestibulum rutrum rutrum neque. Aenean auctor gravida sem. Praesent id massa id nisl venenatis lacinia. Aenean sit amet justo. Morbi ut odio. Cras mi pede, malesuada in, imperdiet et, commodo vulputate, justo. In blandit ultrices enim. Lorem ipsum dolor sit amet, consectetuer adipiscing elit. Proin interdum mauris non ligula pellentesque ultrices.');
insert into balance_transaction (id, user_id, time, value, book_id, description) values (43, 68, '17/6/2020', 124, 30, 'Morbi non quam nec dui luctus rutrum. Nulla tellus. In sagittis dui vel nisl. Duis ac nibh. Fusce lacus purus, aliquet at, feugiat non, pretium quis, lectus. Suspendisse potenti. In eleifend quam a odio. In hac habitasse platea dictumst. Maecenas ut massa quis augue luctus tincidunt. Nulla mollis molestie lorem. Quisque ut erat. Curabitur gravida nisi at nibh. In hac habitasse platea dictumst. Aliquam augue quam, sollicitudin vitae, consectetuer eget, rutrum at, lorem. Integer tincidunt ante vel ipsum. Praesent blandit lacinia erat. Vestibulum sed magna at nunc commodo placerat. Praesent blandit. Nam nulla.');
insert into balance_transaction (id, user_id, time, value, book_id, description) values (44, 70, '14/3/2020', 172, 50, 'Nulla tellus. In sagittis dui vel nisl. Duis ac nibh. Fusce lacus purus, aliquet at, feugiat non, pretium quis, lectus. Suspendisse potenti. In eleifend quam a odio. In hac habitasse platea dictumst. Maecenas ut massa quis augue luctus tincidunt. Nulla mollis molestie lorem. Quisque ut erat. Curabitur gravida nisi at nibh. In hac habitasse platea dictumst. Aliquam augue quam, sollicitudin vitae, consectetuer eget, rutrum at, lorem. Integer tincidunt ante vel ipsum. Praesent blandit lacinia erat. Vestibulum sed magna at nunc commodo placerat. Praesent blandit. Nam nulla. Integer pede justo, lacinia eget, tincidunt eget, tempus vel, pede. Morbi porttitor lorem id ligula. Suspendisse ornare consequat lectus. In est risus, auctor sed, tristique in, tempus sit amet, sem. Fusce consequat. Nulla nisl. Nunc nisl. Duis bibendum, felis sed interdum venenatis, turpis enim blandit mi, in porttitor pede justo eu massa. Donec dapibus. Duis at velit eu est congue elementum. In hac habitasse platea dictumst. Morbi vestibulum, velit id pretium iaculis, diam erat fermentum justo, nec condimentum neque sapien placerat ante.');
insert into balance_transaction (id, user_id, time, value, book_id, description) values (45, 40, '13/1/2021', -104, 34, 'Sed ante. Vivamus tortor. Duis mattis egestas metus. Aenean fermentum. Donec ut mauris eget massa tempor convallis. Nulla neque libero, convallis eget, eleifend luctus, ultricies eu, nibh. Quisque id justo sit amet sapien dignissim vestibulum. Vestibulum ante ipsum primis in faucibus orci luctus et ultrices posuere cubilia Curae; Nulla dapibus dolor vel est. Donec odio justo, sollicitudin ut, suscipit a, feugiat et, eros. Vestibulum ac est lacinia nisi venenatis tristique. Fusce congue, diam id ornare imperdiet, sapien urna pretium nisl, ut volutpat sapien arcu sed augue. Aliquam erat volutpat. In congue. Etiam justo. Etiam pretium iaculis justo. In hac habitasse platea dictumst. Etiam faucibus cursus urna. Ut tellus.');
insert into balance_transaction (id, user_id, time, value, book_id, description) values (46, 75, '27/12/2020', -15, 56, 'Praesent blandit lacinia erat. Vestibulum sed magna at nunc commodo placerat. Praesent blandit. Nam nulla. Integer pede justo, lacinia eget, tincidunt eget, tempus vel, pede. Morbi porttitor lorem id ligula. Suspendisse ornare consequat lectus. In est risus, auctor sed, tristique in, tempus sit amet, sem. Fusce consequat. Nulla nisl. Nunc nisl. Duis bibendum, felis sed interdum venenatis, turpis enim blandit mi, in porttitor pede justo eu massa. Donec dapibus. Duis at velit eu est congue elementum. In hac habitasse platea dictumst. Morbi vestibulum, velit id pretium iaculis, diam erat fermentum justo, nec condimentum neque sapien placerat ante. Nulla justo. Aliquam quis turpis eget elit sodales scelerisque. Mauris sit amet eros. Suspendisse accumsan tortor quis turpis.');
insert into balance_transaction (id, user_id, time, value, book_id, description) values (47, 88, '16/8/2020', 61, 13, 'Morbi sem mauris, laoreet ut, rhoncus aliquet, pulvinar sed, nisl. Nunc rhoncus dui vel sem. Sed sagittis. Nam congue, risus semper porta volutpat, quam pede lobortis ligula, sit amet eleifend pede libero quis orci. Nullam molestie nibh in lectus. Pellentesque at nulla. Suspendisse potenti. Cras in purus eu magna vulputate luctus. Cum sociis natoque penatibus et magnis dis parturient montes, nascetur ridiculus mus. Vivamus vestibulum sagittis sapien. Cum sociis natoque penatibus et magnis dis parturient montes, nascetur ridiculus mus. Etiam vel augue. Vestibulum rutrum rutrum neque. Aenean auctor gravida sem. Praesent id massa id nisl venenatis lacinia. Aenean sit amet justo. Morbi ut odio. Cras mi pede, malesuada in, imperdiet et, commodo vulputate, justo. In blandit ultrices enim. Lorem ipsum dolor sit amet, consectetuer adipiscing elit. Proin interdum mauris non ligula pellentesque ultrices. Phasellus id sapien in sapien iaculis congue. Vivamus metus arcu, adipiscing molestie, hendrerit at, vulputate vitae, nisl. Aenean lectus.');
insert into balance_transaction (id, user_id, time, value, book_id, description) values (48, 85, '20/8/2020', 89, 52, 'Proin eu mi. Nulla ac enim. In tempor, turpis nec euismod scelerisque, quam turpis adipiscing lorem, vitae mattis nibh ligula nec sem. Duis aliquam convallis nunc. Proin at turpis a pede posuere nonummy. Integer non velit.');
insert into balance_transaction (id, user_id, time, value, book_id, description) values (49, 60, '25/11/2020', 192, 67, 'Nam congue, risus semper porta volutpat, quam pede lobortis ligula, sit amet eleifend pede libero quis orci. Nullam molestie nibh in lectus. Pellentesque at nulla. Suspendisse potenti.');
insert into balance_transaction (id, user_id, time, value, book_id, description) values (50, 64, '9/3/2020', -134, 69, 'In hac habitasse platea dictumst. Aliquam augue quam, sollicitudin vitae, consectetuer eget, rutrum at, lorem. Integer tincidunt ante vel ipsum. Praesent blandit lacinia erat. Vestibulum sed magna at nunc commodo placerat. Praesent blandit. Nam nulla. Integer pede justo, lacinia eget, tincidunt eget, tempus vel, pede. Morbi porttitor lorem id ligula. Suspendisse ornare consequat lectus. In est risus, auctor sed, tristique in, tempus sit amet, sem. Fusce consequat. Nulla nisl.');
insert into balance_transaction (id, user_id, time, value, book_id, description) values (51, 95, '16/1/2021', 173, 35, 'Vestibulum ante ipsum primis in faucibus orci luctus et ultrices posuere cubilia Curae; Duis faucibus accumsan odio. Curabitur convallis. Duis consequat dui nec nisi volutpat eleifend. Donec ut dolor. Morbi vel lectus in quam fringilla rhoncus. Mauris enim leo, rhoncus sed, vestibulum sit amet, cursus id, turpis.');
insert into balance_transaction (id, user_id, time, value, book_id, description) values (52, 73, '14/12/2020', -145, 36, 'Cum sociis natoque penatibus et magnis dis parturient montes, nascetur ridiculus mus. Vivamus vestibulum sagittis sapien. Cum sociis natoque penatibus et magnis dis parturient montes, nascetur ridiculus mus. Etiam vel augue. Vestibulum rutrum rutrum neque. Aenean auctor gravida sem. Praesent id massa id nisl venenatis lacinia. Aenean sit amet justo. Morbi ut odio. Cras mi pede, malesuada in, imperdiet et, commodo vulputate, justo. In blandit ultrices enim. Lorem ipsum dolor sit amet, consectetuer adipiscing elit. Proin interdum mauris non ligula pellentesque ultrices. Phasellus id sapien in sapien iaculis congue. Vivamus metus arcu, adipiscing molestie, hendrerit at, vulputate vitae, nisl. Aenean lectus. Pellentesque eget nunc. Donec quis orci eget orci vehicula condimentum. Curabitur in libero ut massa volutpat convallis. Morbi odio odio, elementum eu, interdum eu, tincidunt in, leo. Maecenas pulvinar lobortis est. Phasellus sit amet erat. Nulla tempus.');
insert into balance_transaction (id, user_id, time, value, book_id, description) values (53, 25, '9/9/2020', 2, 1, 'Vestibulum ante ipsum primis in faucibus orci luctus et ultrices posuere cubilia Curae; Mauris viverra diam vitae quam. Suspendisse potenti. Nullam porttitor lacus at turpis. Donec posuere metus vitae ipsum. Aliquam non mauris. Morbi non lectus. Aliquam sit amet diam in magna bibendum imperdiet. Nullam orci pede, venenatis non, sodales sed, tincidunt eu, felis. Fusce posuere felis sed lacus. Morbi sem mauris, laoreet ut, rhoncus aliquet, pulvinar sed, nisl. Nunc rhoncus dui vel sem. Sed sagittis. Nam congue, risus semper porta volutpat, quam pede lobortis ligula, sit amet eleifend pede libero quis orci. Nullam molestie nibh in lectus. Pellentesque at nulla. Suspendisse potenti. Cras in purus eu magna vulputate luctus. Cum sociis natoque penatibus et magnis dis parturient montes, nascetur ridiculus mus. Vivamus vestibulum sagittis sapien. Cum sociis natoque penatibus et magnis dis parturient montes, nascetur ridiculus mus. Etiam vel augue. Vestibulum rutrum rutrum neque. Aenean auctor gravida sem.');
insert into balance_transaction (id, user_id, time, value, book_id, description) values (54, 17, '28/2/2021', 46, 25, 'Praesent id massa id nisl venenatis lacinia. Aenean sit amet justo. Morbi ut odio. Cras mi pede, malesuada in, imperdiet et, commodo vulputate, justo. In blandit ultrices enim. Lorem ipsum dolor sit amet, consectetuer adipiscing elit. Proin interdum mauris non ligula pellentesque ultrices.');
insert into balance_transaction (id, user_id, time, value, book_id, description) values (55, 51, '16/10/2020', 131, 64, 'Praesent lectus. Vestibulum quam sapien, varius ut, blandit non, interdum in, ante. Vestibulum ante ipsum primis in faucibus orci luctus et ultrices posuere cubilia Curae; Duis faucibus accumsan odio. Curabitur convallis. Duis consequat dui nec nisi volutpat eleifend. Donec ut dolor. Morbi vel lectus in quam fringilla rhoncus. Mauris enim leo, rhoncus sed, vestibulum sit amet, cursus id, turpis. Integer aliquet, massa id lobortis convallis, tortor risus dapibus augue, vel accumsan tellus nisi eu orci. Mauris lacinia sapien quis libero.');
insert into balance_transaction (id, user_id, time, value, book_id, description) values (56, 36, '29/7/2020', 28, 2, 'Maecenas leo odio, condimentum id, luctus nec, molestie sed, justo. Pellentesque viverra pede ac diam. Cras pellentesque volutpat dui. Maecenas tristique, est et tempus semper, est quam pharetra magna, ac consequat metus sapien ut nunc. Vestibulum ante ipsum primis in faucibus orci luctus et ultrices posuere cubilia Curae; Mauris viverra diam vitae quam. Suspendisse potenti. Nullam porttitor lacus at turpis. Donec posuere metus vitae ipsum. Aliquam non mauris. Morbi non lectus.');
insert into balance_transaction (id, user_id, time, value, book_id, description) values (57, 38, '14/12/2020', -134, 17, 'Phasellus sit amet erat. Nulla tempus. Vivamus in felis eu sapien cursus vestibulum. Proin eu mi. Nulla ac enim.');
insert into balance_transaction (id, user_id, time, value, book_id, description) values (58, 26, '27/6/2020', 149, 2, 'Cras mi pede, malesuada in, imperdiet et, commodo vulputate, justo. In blandit ultrices enim. Lorem ipsum dolor sit amet, consectetuer adipiscing elit. Proin interdum mauris non ligula pellentesque ultrices. Phasellus id sapien in sapien iaculis congue. Vivamus metus arcu, adipiscing molestie, hendrerit at, vulputate vitae, nisl.');
insert into balance_transaction (id, user_id, time, value, book_id, description) values (59, 50, '1/6/2020', -125, 62, 'In hac habitasse platea dictumst. Etiam faucibus cursus urna. Ut tellus. Nulla ut erat id mauris vulputate elementum. Nullam varius. Nulla facilisi. Cras non velit nec nisi vulputate nonummy. Maecenas tincidunt lacus at velit. Vivamus vel nulla eget eros elementum pellentesque. Quisque porta volutpat erat. Quisque erat eros, viverra eget, congue eget, semper rutrum, nulla. Nunc purus. Phasellus in felis. Donec semper sapien a libero. Nam dui. Proin leo odio, porttitor id, consequat in, consequat ut, nulla. Sed accumsan felis. Ut at dolor quis odio consequat varius. Integer ac leo. Pellentesque ultrices mattis odio. Donec vitae nisi. Nam ultrices, libero non mattis pulvinar, nulla pede ullamcorper augue, a suscipit nulla elit ac nulla. Sed vel enim sit amet nunc viverra dapibus. Nulla suscipit ligula in lacus. Curabitur at ipsum ac tellus semper interdum. Mauris ullamcorper purus sit amet nulla. Quisque arcu libero, rutrum ac, lobortis vel, dapibus at, diam. Nam tristique tortor eu pede.');
insert into balance_transaction (id, user_id, time, value, book_id, description) values (60, 68, '1/2/2021', -59, 16, 'Vestibulum quam sapien, varius ut, blandit non, interdum in, ante. Vestibulum ante ipsum primis in faucibus orci luctus et ultrices posuere cubilia Curae; Duis faucibus accumsan odio. Curabitur convallis. Duis consequat dui nec nisi volutpat eleifend. Donec ut dolor. Morbi vel lectus in quam fringilla rhoncus. Mauris enim leo, rhoncus sed, vestibulum sit amet, cursus id, turpis. Integer aliquet, massa id lobortis convallis, tortor risus dapibus augue, vel accumsan tellus nisi eu orci. Mauris lacinia sapien quis libero. Nullam sit amet turpis elementum ligula vehicula consequat. Morbi a ipsum. Integer a nibh. In quis justo. Maecenas rhoncus aliquam lacus. Morbi quis tortor id nulla ultrices aliquet. Maecenas leo odio, condimentum id, luctus nec, molestie sed, justo. Pellentesque viverra pede ac diam. Cras pellentesque volutpat dui. Maecenas tristique, est et tempus semper, est quam pharetra magna, ac consequat metus sapien ut nunc. Vestibulum ante ipsum primis in faucibus orci luctus et ultrices posuere cubilia Curae; Mauris viverra diam vitae quam. Suspendisse potenti. Nullam porttitor lacus at turpis. Donec posuere metus vitae ipsum. Aliquam non mauris. Morbi non lectus. Aliquam sit amet diam in magna bibendum imperdiet. Nullam orci pede, venenatis non, sodales sed, tincidunt eu, felis.');
insert into balance_transaction (id, user_id, time, value, book_id, description) values (61, 31, '19/12/2020', 132, 13, 'Maecenas rhoncus aliquam lacus. Morbi quis tortor id nulla ultrices aliquet. Maecenas leo odio, condimentum id, luctus nec, molestie sed, justo. Pellentesque viverra pede ac diam. Cras pellentesque volutpat dui. Maecenas tristique, est et tempus semper, est quam pharetra magna, ac consequat metus sapien ut nunc. Vestibulum ante ipsum primis in faucibus orci luctus et ultrices posuere cubilia Curae; Mauris viverra diam vitae quam. Suspendisse potenti. Nullam porttitor lacus at turpis. Donec posuere metus vitae ipsum. Aliquam non mauris. Morbi non lectus. Aliquam sit amet diam in magna bibendum imperdiet. Nullam orci pede, venenatis non, sodales sed, tincidunt eu, felis. Fusce posuere felis sed lacus. Morbi sem mauris, laoreet ut, rhoncus aliquet, pulvinar sed, nisl. Nunc rhoncus dui vel sem. Sed sagittis. Nam congue, risus semper porta volutpat, quam pede lobortis ligula, sit amet eleifend pede libero quis orci. Nullam molestie nibh in lectus. Pellentesque at nulla.');
insert into balance_transaction (id, user_id, time, value, book_id, description) values (62, 68, '30/7/2020', -173, 71, 'Vestibulum rutrum rutrum neque. Aenean auctor gravida sem. Praesent id massa id nisl venenatis lacinia. Aenean sit amet justo. Morbi ut odio. Cras mi pede, malesuada in, imperdiet et, commodo vulputate, justo. In blandit ultrices enim. Lorem ipsum dolor sit amet, consectetuer adipiscing elit. Proin interdum mauris non ligula pellentesque ultrices. Phasellus id sapien in sapien iaculis congue. Vivamus metus arcu, adipiscing molestie, hendrerit at, vulputate vitae, nisl. Aenean lectus. Pellentesque eget nunc. Donec quis orci eget orci vehicula condimentum. Curabitur in libero ut massa volutpat convallis.');
insert into balance_transaction (id, user_id, time, value, book_id, description) values (63, 24, '1/3/2021', -74, 12, 'Phasellus sit amet erat. Nulla tempus. Vivamus in felis eu sapien cursus vestibulum. Proin eu mi. Nulla ac enim. In tempor, turpis nec euismod scelerisque, quam turpis adipiscing lorem, vitae mattis nibh ligula nec sem. Duis aliquam convallis nunc. Proin at turpis a pede posuere nonummy.');
insert into balance_transaction (id, user_id, time, value, book_id, description) values (64, 46, '24/7/2020', -62, 15, 'Maecenas leo odio, condimentum id, luctus nec, molestie sed, justo. Pellentesque viverra pede ac diam.');
insert into balance_transaction (id, user_id, time, value, book_id, description) values (65, 80, '23/8/2020', -27, 27, 'Quisque porta volutpat erat. Quisque erat eros, viverra eget, congue eget, semper rutrum, nulla. Nunc purus. Phasellus in felis. Donec semper sapien a libero. Nam dui. Proin leo odio, porttitor id, consequat in, consequat ut, nulla. Sed accumsan felis. Ut at dolor quis odio consequat varius. Integer ac leo. Pellentesque ultrices mattis odio. Donec vitae nisi. Nam ultrices, libero non mattis pulvinar, nulla pede ullamcorper augue, a suscipit nulla elit ac nulla.');
insert into balance_transaction (id, user_id, time, value, book_id, description) values (66, 4, '12/11/2020', 177, 58, 'Vivamus metus arcu, adipiscing molestie, hendrerit at, vulputate vitae, nisl. Aenean lectus. Pellentesque eget nunc. Donec quis orci eget orci vehicula condimentum. Curabitur in libero ut massa volutpat convallis. Morbi odio odio, elementum eu, interdum eu, tincidunt in, leo. Maecenas pulvinar lobortis est. Phasellus sit amet erat. Nulla tempus. Vivamus in felis eu sapien cursus vestibulum. Proin eu mi. Nulla ac enim.');
insert into balance_transaction (id, user_id, time, value, book_id, description) values (67, 71, '4/1/2021', 65, 45, 'Praesent id massa id nisl venenatis lacinia. Aenean sit amet justo. Morbi ut odio. Cras mi pede, malesuada in, imperdiet et, commodo vulputate, justo. In blandit ultrices enim. Lorem ipsum dolor sit amet, consectetuer adipiscing elit. Proin interdum mauris non ligula pellentesque ultrices. Phasellus id sapien in sapien iaculis congue. Vivamus metus arcu, adipiscing molestie, hendrerit at, vulputate vitae, nisl. Aenean lectus. Pellentesque eget nunc. Donec quis orci eget orci vehicula condimentum. Curabitur in libero ut massa volutpat convallis. Morbi odio odio, elementum eu, interdum eu, tincidunt in, leo. Maecenas pulvinar lobortis est. Phasellus sit amet erat. Nulla tempus. Vivamus in felis eu sapien cursus vestibulum. Proin eu mi. Nulla ac enim. In tempor, turpis nec euismod scelerisque, quam turpis adipiscing lorem, vitae mattis nibh ligula nec sem.');
insert into balance_transaction (id, user_id, time, value, book_id, description) values (68, 70, '20/6/2020', 136, 43, 'Nulla neque libero, convallis eget, eleifend luctus, ultricies eu, nibh. Quisque id justo sit amet sapien dignissim vestibulum. Vestibulum ante ipsum primis in faucibus orci luctus et ultrices posuere cubilia Curae; Nulla dapibus dolor vel est. Donec odio justo, sollicitudin ut, suscipit a, feugiat et, eros. Vestibulum ac est lacinia nisi venenatis tristique. Fusce congue, diam id ornare imperdiet, sapien urna pretium nisl, ut volutpat sapien arcu sed augue. Aliquam erat volutpat. In congue. Etiam justo.');
insert into balance_transaction (id, user_id, time, value, book_id, description) values (69, 36, '17/9/2020', 149, 12, 'Nulla justo. Aliquam quis turpis eget elit sodales scelerisque. Mauris sit amet eros. Suspendisse accumsan tortor quis turpis. Sed ante. Vivamus tortor. Duis mattis egestas metus. Aenean fermentum.');
insert into balance_transaction (id, user_id, time, value, book_id, description) values (70, 58, '1/4/2020', -50, 55, 'Vestibulum ante ipsum primis in faucibus orci luctus et ultrices posuere cubilia Curae; Nulla dapibus dolor vel est. Donec odio justo, sollicitudin ut, suscipit a, feugiat et, eros. Vestibulum ac est lacinia nisi venenatis tristique. Fusce congue, diam id ornare imperdiet, sapien urna pretium nisl, ut volutpat sapien arcu sed augue. Aliquam erat volutpat. In congue. Etiam justo. Etiam pretium iaculis justo. In hac habitasse platea dictumst. Etiam faucibus cursus urna. Ut tellus. Nulla ut erat id mauris vulputate elementum. Nullam varius. Nulla facilisi. Cras non velit nec nisi vulputate nonummy. Maecenas tincidunt lacus at velit. Vivamus vel nulla eget eros elementum pellentesque. Quisque porta volutpat erat. Quisque erat eros, viverra eget, congue eget, semper rutrum, nulla. Nunc purus. Phasellus in felis. Donec semper sapien a libero. Nam dui. Proin leo odio, porttitor id, consequat in, consequat ut, nulla. Sed accumsan felis.');
insert into balance_transaction (id, user_id, time, value, book_id, description) values (71, 36, '6/3/2020', -87, 28, 'Duis consequat dui nec nisi volutpat eleifend. Donec ut dolor.');
insert into balance_transaction (id, user_id, time, value, book_id, description) values (72, 98, '22/4/2020', -157, 15, 'Maecenas rhoncus aliquam lacus.');
insert into balance_transaction (id, user_id, time, value, book_id, description) values (73, 65, '25/10/2020', -81, 30, 'In quis justo. Maecenas rhoncus aliquam lacus. Morbi quis tortor id nulla ultrices aliquet. Maecenas leo odio, condimentum id, luctus nec, molestie sed, justo. Pellentesque viverra pede ac diam. Cras pellentesque volutpat dui. Maecenas tristique, est et tempus semper, est quam pharetra magna, ac consequat metus sapien ut nunc. Vestibulum ante ipsum primis in faucibus orci luctus et ultrices posuere cubilia Curae; Mauris viverra diam vitae quam. Suspendisse potenti. Nullam porttitor lacus at turpis. Donec posuere metus vitae ipsum.');
insert into balance_transaction (id, user_id, time, value, book_id, description) values (74, 77, '24/3/2020', 61, 40, 'Integer ac leo. Pellentesque ultrices mattis odio. Donec vitae nisi. Nam ultrices, libero non mattis pulvinar, nulla pede ullamcorper augue, a suscipit nulla elit ac nulla. Sed vel enim sit amet nunc viverra dapibus. Nulla suscipit ligula in lacus. Curabitur at ipsum ac tellus semper interdum.');
insert into balance_transaction (id, user_id, time, value, book_id, description) values (75, 31, '9/5/2020', 123, 16, 'Integer non velit. Donec diam neque, vestibulum eget, vulputate ut, ultrices vel, augue. Vestibulum ante ipsum primis in faucibus orci luctus et ultrices posuere cubilia Curae; Donec pharetra, magna vestibulum aliquet ultrices, erat tortor sollicitudin mi, sit amet lobortis sapien sapien non mi. Integer ac neque. Duis bibendum. Morbi non quam nec dui luctus rutrum. Nulla tellus. In sagittis dui vel nisl. Duis ac nibh. Fusce lacus purus, aliquet at, feugiat non, pretium quis, lectus. Suspendisse potenti. In eleifend quam a odio. In hac habitasse platea dictumst. Maecenas ut massa quis augue luctus tincidunt.');
insert into balance_transaction (id, user_id, time, value, book_id, description) values (76, 72, '21/5/2020', 149, 17, 'Suspendisse potenti. Cras in purus eu magna vulputate luctus. Cum sociis natoque penatibus et magnis dis parturient montes, nascetur ridiculus mus. Vivamus vestibulum sagittis sapien. Cum sociis natoque penatibus et magnis dis parturient montes, nascetur ridiculus mus. Etiam vel augue.');
insert into balance_transaction (id, user_id, time, value, book_id, description) values (77, 64, '12/4/2020', 1, 52, 'Aenean fermentum. Donec ut mauris eget massa tempor convallis. Nulla neque libero, convallis eget, eleifend luctus, ultricies eu, nibh. Quisque id justo sit amet sapien dignissim vestibulum. Vestibulum ante ipsum primis in faucibus orci luctus et ultrices posuere cubilia Curae; Nulla dapibus dolor vel est. Donec odio justo, sollicitudin ut, suscipit a, feugiat et, eros. Vestibulum ac est lacinia nisi venenatis tristique. Fusce congue, diam id ornare imperdiet, sapien urna pretium nisl, ut volutpat sapien arcu sed augue. Aliquam erat volutpat. In congue. Etiam justo. Etiam pretium iaculis justo. In hac habitasse platea dictumst. Etiam faucibus cursus urna. Ut tellus. Nulla ut erat id mauris vulputate elementum.');
insert into balance_transaction (id, user_id, time, value, book_id, description) values (78, 76, '17/2/2021', -113, 18, 'Morbi non lectus. Aliquam sit amet diam in magna bibendum imperdiet. Nullam orci pede, venenatis non, sodales sed, tincidunt eu, felis. Fusce posuere felis sed lacus. Morbi sem mauris, laoreet ut, rhoncus aliquet, pulvinar sed, nisl. Nunc rhoncus dui vel sem. Sed sagittis. Nam congue, risus semper porta volutpat, quam pede lobortis ligula, sit amet eleifend pede libero quis orci. Nullam molestie nibh in lectus. Pellentesque at nulla. Suspendisse potenti. Cras in purus eu magna vulputate luctus. Cum sociis natoque penatibus et magnis dis parturient montes, nascetur ridiculus mus. Vivamus vestibulum sagittis sapien. Cum sociis natoque penatibus et magnis dis parturient montes, nascetur ridiculus mus. Etiam vel augue. Vestibulum rutrum rutrum neque. Aenean auctor gravida sem. Praesent id massa id nisl venenatis lacinia. Aenean sit amet justo. Morbi ut odio. Cras mi pede, malesuada in, imperdiet et, commodo vulputate, justo. In blandit ultrices enim.');
insert into balance_transaction (id, user_id, time, value, book_id, description) values (79, 85, '27/6/2020', -59, 69, 'Mauris sit amet eros. Suspendisse accumsan tortor quis turpis. Sed ante. Vivamus tortor. Duis mattis egestas metus. Aenean fermentum. Donec ut mauris eget massa tempor convallis. Nulla neque libero, convallis eget, eleifend luctus, ultricies eu, nibh. Quisque id justo sit amet sapien dignissim vestibulum. Vestibulum ante ipsum primis in faucibus orci luctus et ultrices posuere cubilia Curae; Nulla dapibus dolor vel est. Donec odio justo, sollicitudin ut, suscipit a, feugiat et, eros. Vestibulum ac est lacinia nisi venenatis tristique. Fusce congue, diam id ornare imperdiet, sapien urna pretium nisl, ut volutpat sapien arcu sed augue. Aliquam erat volutpat. In congue. Etiam justo. Etiam pretium iaculis justo.');
insert into balance_transaction (id, user_id, time, value, book_id, description) values (80, 8, '6/3/2020', 110, 4, 'Nulla ut erat id mauris vulputate elementum. Nullam varius. Nulla facilisi. Cras non velit nec nisi vulputate nonummy. Maecenas tincidunt lacus at velit. Vivamus vel nulla eget eros elementum pellentesque. Quisque porta volutpat erat. Quisque erat eros, viverra eget, congue eget, semper rutrum, nulla. Nunc purus. Phasellus in felis. Donec semper sapien a libero. Nam dui. Proin leo odio, porttitor id, consequat in, consequat ut, nulla. Sed accumsan felis. Ut at dolor quis odio consequat varius. Integer ac leo. Pellentesque ultrices mattis odio. Donec vitae nisi. Nam ultrices, libero non mattis pulvinar, nulla pede ullamcorper augue, a suscipit nulla elit ac nulla. Sed vel enim sit amet nunc viverra dapibus. Nulla suscipit ligula in lacus.');
insert into balance_transaction (id, user_id, time, value, book_id, description) values (81, 16, '22/8/2020', 193, 45, 'Sed ante. Vivamus tortor. Duis mattis egestas metus. Aenean fermentum. Donec ut mauris eget massa tempor convallis. Nulla neque libero, convallis eget, eleifend luctus, ultricies eu, nibh. Quisque id justo sit amet sapien dignissim vestibulum. Vestibulum ante ipsum primis in faucibus orci luctus et ultrices posuere cubilia Curae; Nulla dapibus dolor vel est. Donec odio justo, sollicitudin ut, suscipit a, feugiat et, eros. Vestibulum ac est lacinia nisi venenatis tristique. Fusce congue, diam id ornare imperdiet, sapien urna pretium nisl, ut volutpat sapien arcu sed augue. Aliquam erat volutpat. In congue. Etiam justo. Etiam pretium iaculis justo. In hac habitasse platea dictumst. Etiam faucibus cursus urna. Ut tellus. Nulla ut erat id mauris vulputate elementum. Nullam varius. Nulla facilisi. Cras non velit nec nisi vulputate nonummy. Maecenas tincidunt lacus at velit. Vivamus vel nulla eget eros elementum pellentesque. Quisque porta volutpat erat. Quisque erat eros, viverra eget, congue eget, semper rutrum, nulla. Nunc purus.');
insert into balance_transaction (id, user_id, time, value, book_id, description) values (82, 79, '1/7/2020', 89, 35, 'Vestibulum rutrum rutrum neque. Aenean auctor gravida sem. Praesent id massa id nisl venenatis lacinia. Aenean sit amet justo. Morbi ut odio. Cras mi pede, malesuada in, imperdiet et, commodo vulputate, justo. In blandit ultrices enim. Lorem ipsum dolor sit amet, consectetuer adipiscing elit. Proin interdum mauris non ligula pellentesque ultrices. Phasellus id sapien in sapien iaculis congue. Vivamus metus arcu, adipiscing molestie, hendrerit at, vulputate vitae, nisl. Aenean lectus. Pellentesque eget nunc. Donec quis orci eget orci vehicula condimentum. Curabitur in libero ut massa volutpat convallis.');
insert into balance_transaction (id, user_id, time, value, book_id, description) values (83, 20, '23/11/2020', -76, 32, 'Cum sociis natoque penatibus et magnis dis parturient montes, nascetur ridiculus mus. Etiam vel augue. Vestibulum rutrum rutrum neque. Aenean auctor gravida sem. Praesent id massa id nisl venenatis lacinia. Aenean sit amet justo. Morbi ut odio. Cras mi pede, malesuada in, imperdiet et, commodo vulputate, justo. In blandit ultrices enim. Lorem ipsum dolor sit amet, consectetuer adipiscing elit. Proin interdum mauris non ligula pellentesque ultrices. Phasellus id sapien in sapien iaculis congue. Vivamus metus arcu, adipiscing molestie, hendrerit at, vulputate vitae, nisl. Aenean lectus. Pellentesque eget nunc. Donec quis orci eget orci vehicula condimentum. Curabitur in libero ut massa volutpat convallis. Morbi odio odio, elementum eu, interdum eu, tincidunt in, leo. Maecenas pulvinar lobortis est.');
insert into balance_transaction (id, user_id, time, value, book_id, description) values (84, 76, '17/12/2020', -168, 38, 'Nulla mollis molestie lorem. Quisque ut erat. Curabitur gravida nisi at nibh. In hac habitasse platea dictumst. Aliquam augue quam, sollicitudin vitae, consectetuer eget, rutrum at, lorem. Integer tincidunt ante vel ipsum. Praesent blandit lacinia erat. Vestibulum sed magna at nunc commodo placerat. Praesent blandit. Nam nulla. Integer pede justo, lacinia eget, tincidunt eget, tempus vel, pede. Morbi porttitor lorem id ligula. Suspendisse ornare consequat lectus. In est risus, auctor sed, tristique in, tempus sit amet, sem. Fusce consequat. Nulla nisl. Nunc nisl. Duis bibendum, felis sed interdum venenatis, turpis enim blandit mi, in porttitor pede justo eu massa. Donec dapibus. Duis at velit eu est congue elementum. In hac habitasse platea dictumst. Morbi vestibulum, velit id pretium iaculis, diam erat fermentum justo, nec condimentum neque sapien placerat ante. Nulla justo. Aliquam quis turpis eget elit sodales scelerisque.');
insert into balance_transaction (id, user_id, time, value, book_id, description) values (85, 60, '11/10/2020', -199, 49, 'Nullam porttitor lacus at turpis. Donec posuere metus vitae ipsum. Aliquam non mauris. Morbi non lectus. Aliquam sit amet diam in magna bibendum imperdiet.');
insert into balance_transaction (id, user_id, time, value, book_id, description) values (86, 28, '30/3/2020', -35, 37, 'Curabitur convallis. Duis consequat dui nec nisi volutpat eleifend. Donec ut dolor. Morbi vel lectus in quam fringilla rhoncus. Mauris enim leo, rhoncus sed, vestibulum sit amet, cursus id, turpis. Integer aliquet, massa id lobortis convallis, tortor risus dapibus augue, vel accumsan tellus nisi eu orci. Mauris lacinia sapien quis libero. Nullam sit amet turpis elementum ligula vehicula consequat. Morbi a ipsum. Integer a nibh. In quis justo. Maecenas rhoncus aliquam lacus. Morbi quis tortor id nulla ultrices aliquet. Maecenas leo odio, condimentum id, luctus nec, molestie sed, justo. Pellentesque viverra pede ac diam. Cras pellentesque volutpat dui. Maecenas tristique, est et tempus semper, est quam pharetra magna, ac consequat metus sapien ut nunc. Vestibulum ante ipsum primis in faucibus orci luctus et ultrices posuere cubilia Curae; Mauris viverra diam vitae quam. Suspendisse potenti. Nullam porttitor lacus at turpis. Donec posuere metus vitae ipsum. Aliquam non mauris. Morbi non lectus. Aliquam sit amet diam in magna bibendum imperdiet. Nullam orci pede, venenatis non, sodales sed, tincidunt eu, felis. Fusce posuere felis sed lacus.');
insert into balance_transaction (id, user_id, time, value, book_id, description) values (87, 71, '7/11/2020', -97, 57, 'Etiam vel augue. Vestibulum rutrum rutrum neque. Aenean auctor gravida sem. Praesent id massa id nisl venenatis lacinia. Aenean sit amet justo. Morbi ut odio. Cras mi pede, malesuada in, imperdiet et, commodo vulputate, justo. In blandit ultrices enim. Lorem ipsum dolor sit amet, consectetuer adipiscing elit. Proin interdum mauris non ligula pellentesque ultrices. Phasellus id sapien in sapien iaculis congue. Vivamus metus arcu, adipiscing molestie, hendrerit at, vulputate vitae, nisl. Aenean lectus. Pellentesque eget nunc. Donec quis orci eget orci vehicula condimentum. Curabitur in libero ut massa volutpat convallis. Morbi odio odio, elementum eu, interdum eu, tincidunt in, leo. Maecenas pulvinar lobortis est. Phasellus sit amet erat. Nulla tempus. Vivamus in felis eu sapien cursus vestibulum. Proin eu mi. Nulla ac enim. In tempor, turpis nec euismod scelerisque, quam turpis adipiscing lorem, vitae mattis nibh ligula nec sem. Duis aliquam convallis nunc. Proin at turpis a pede posuere nonummy. Integer non velit. Donec diam neque, vestibulum eget, vulputate ut, ultrices vel, augue.');
insert into balance_transaction (id, user_id, time, value, book_id, description) values (88, 42, '14/4/2020', -57, 50, 'Maecenas pulvinar lobortis est. Phasellus sit amet erat. Nulla tempus. Vivamus in felis eu sapien cursus vestibulum. Proin eu mi. Nulla ac enim. In tempor, turpis nec euismod scelerisque, quam turpis adipiscing lorem, vitae mattis nibh ligula nec sem. Duis aliquam convallis nunc. Proin at turpis a pede posuere nonummy. Integer non velit. Donec diam neque, vestibulum eget, vulputate ut, ultrices vel, augue. Vestibulum ante ipsum primis in faucibus orci luctus et ultrices posuere cubilia Curae; Donec pharetra, magna vestibulum aliquet ultrices, erat tortor sollicitudin mi, sit amet lobortis sapien sapien non mi. Integer ac neque. Duis bibendum. Morbi non quam nec dui luctus rutrum. Nulla tellus. In sagittis dui vel nisl. Duis ac nibh. Fusce lacus purus, aliquet at, feugiat non, pretium quis, lectus. Suspendisse potenti. In eleifend quam a odio. In hac habitasse platea dictumst. Maecenas ut massa quis augue luctus tincidunt. Nulla mollis molestie lorem. Quisque ut erat. Curabitur gravida nisi at nibh. In hac habitasse platea dictumst. Aliquam augue quam, sollicitudin vitae, consectetuer eget, rutrum at, lorem. Integer tincidunt ante vel ipsum.');
insert into balance_transaction (id, user_id, time, value, book_id, description) values (89, 81, '25/2/2021', -150, 18, 'In hac habitasse platea dictumst. Maecenas ut massa quis augue luctus tincidunt. Nulla mollis molestie lorem. Quisque ut erat. Curabitur gravida nisi at nibh. In hac habitasse platea dictumst. Aliquam augue quam, sollicitudin vitae, consectetuer eget, rutrum at, lorem. Integer tincidunt ante vel ipsum. Praesent blandit lacinia erat. Vestibulum sed magna at nunc commodo placerat. Praesent blandit. Nam nulla. Integer pede justo, lacinia eget, tincidunt eget, tempus vel, pede. Morbi porttitor lorem id ligula. Suspendisse ornare consequat lectus.');
insert into balance_transaction (id, user_id, time, value, book_id, description) values (90, 50, '6/7/2020', 147, 3, 'Etiam justo. Etiam pretium iaculis justo. In hac habitasse platea dictumst. Etiam faucibus cursus urna. Ut tellus. Nulla ut erat id mauris vulputate elementum. Nullam varius. Nulla facilisi. Cras non velit nec nisi vulputate nonummy. Maecenas tincidunt lacus at velit. Vivamus vel nulla eget eros elementum pellentesque. Quisque porta volutpat erat. Quisque erat eros, viverra eget, congue eget, semper rutrum, nulla. Nunc purus. Phasellus in felis. Donec semper sapien a libero. Nam dui. Proin leo odio, porttitor id, consequat in, consequat ut, nulla. Sed accumsan felis.');
insert into balance_transaction (id, user_id, time, value, book_id, description) values (91, 40, '11/11/2020', -184, 24, 'Cum sociis natoque penatibus et magnis dis parturient montes, nascetur ridiculus mus. Vivamus vestibulum sagittis sapien. Cum sociis natoque penatibus et magnis dis parturient montes, nascetur ridiculus mus. Etiam vel augue. Vestibulum rutrum rutrum neque. Aenean auctor gravida sem. Praesent id massa id nisl venenatis lacinia. Aenean sit amet justo. Morbi ut odio. Cras mi pede, malesuada in, imperdiet et, commodo vulputate, justo. In blandit ultrices enim. Lorem ipsum dolor sit amet, consectetuer adipiscing elit. Proin interdum mauris non ligula pellentesque ultrices. Phasellus id sapien in sapien iaculis congue. Vivamus metus arcu, adipiscing molestie, hendrerit at, vulputate vitae, nisl. Aenean lectus. Pellentesque eget nunc. Donec quis orci eget orci vehicula condimentum. Curabitur in libero ut massa volutpat convallis. Morbi odio odio, elementum eu, interdum eu, tincidunt in, leo. Maecenas pulvinar lobortis est. Phasellus sit amet erat. Nulla tempus. Vivamus in felis eu sapien cursus vestibulum. Proin eu mi. Nulla ac enim. In tempor, turpis nec euismod scelerisque, quam turpis adipiscing lorem, vitae mattis nibh ligula nec sem. Duis aliquam convallis nunc.');
insert into balance_transaction (id, user_id, time, value, book_id, description) values (92, 4, '18/6/2020', 195, 52, 'Lorem ipsum dolor sit amet, consectetuer adipiscing elit. Proin interdum mauris non ligula pellentesque ultrices. Phasellus id sapien in sapien iaculis congue. Vivamus metus arcu, adipiscing molestie, hendrerit at, vulputate vitae, nisl. Aenean lectus. Pellentesque eget nunc. Donec quis orci eget orci vehicula condimentum. Curabitur in libero ut massa volutpat convallis. Morbi odio odio, elementum eu, interdum eu, tincidunt in, leo. Maecenas pulvinar lobortis est. Phasellus sit amet erat. Nulla tempus. Vivamus in felis eu sapien cursus vestibulum. Proin eu mi. Nulla ac enim. In tempor, turpis nec euismod scelerisque, quam turpis adipiscing lorem, vitae mattis nibh ligula nec sem. Duis aliquam convallis nunc.');
insert into balance_transaction (id, user_id, time, value, book_id, description) values (93, 15, '20/3/2020', -169, 3, 'Donec ut mauris eget massa tempor convallis. Nulla neque libero, convallis eget, eleifend luctus, ultricies eu, nibh. Quisque id justo sit amet sapien dignissim vestibulum. Vestibulum ante ipsum primis in faucibus orci luctus et ultrices posuere cubilia Curae; Nulla dapibus dolor vel est. Donec odio justo, sollicitudin ut, suscipit a, feugiat et, eros. Vestibulum ac est lacinia nisi venenatis tristique. Fusce congue, diam id ornare imperdiet, sapien urna pretium nisl, ut volutpat sapien arcu sed augue. Aliquam erat volutpat. In congue. Etiam justo. Etiam pretium iaculis justo. In hac habitasse platea dictumst. Etiam faucibus cursus urna. Ut tellus. Nulla ut erat id mauris vulputate elementum. Nullam varius. Nulla facilisi. Cras non velit nec nisi vulputate nonummy. Maecenas tincidunt lacus at velit. Vivamus vel nulla eget eros elementum pellentesque. Quisque porta volutpat erat. Quisque erat eros, viverra eget, congue eget, semper rutrum, nulla. Nunc purus. Phasellus in felis. Donec semper sapien a libero. Nam dui.');
insert into balance_transaction (id, user_id, time, value, book_id, description) values (94, 59, '28/2/2021', -188, 21, 'In est risus, auctor sed, tristique in, tempus sit amet, sem. Fusce consequat. Nulla nisl.');
insert into balance_transaction (id, user_id, time, value, book_id, description) values (95, 47, '5/4/2020', 8, 53, 'Morbi a ipsum. Integer a nibh. In quis justo.');
insert into balance_transaction (id, user_id, time, value, book_id, description) values (96, 13, '20/7/2020', -9, 41, 'Suspendisse accumsan tortor quis turpis. Sed ante. Vivamus tortor. Duis mattis egestas metus. Aenean fermentum. Donec ut mauris eget massa tempor convallis. Nulla neque libero, convallis eget, eleifend luctus, ultricies eu, nibh. Quisque id justo sit amet sapien dignissim vestibulum. Vestibulum ante ipsum primis in faucibus orci luctus et ultrices posuere cubilia Curae; Nulla dapibus dolor vel est. Donec odio justo, sollicitudin ut, suscipit a, feugiat et, eros. Vestibulum ac est lacinia nisi venenatis tristique. Fusce congue, diam id ornare imperdiet, sapien urna pretium nisl, ut volutpat sapien arcu sed augue. Aliquam erat volutpat. In congue. Etiam justo. Etiam pretium iaculis justo. In hac habitasse platea dictumst. Etiam faucibus cursus urna. Ut tellus. Nulla ut erat id mauris vulputate elementum. Nullam varius. Nulla facilisi.');
insert into balance_transaction (id, user_id, time, value, book_id, description) values (97, 14, '6/5/2020', -121, 49, 'Vivamus vestibulum sagittis sapien. Cum sociis natoque penatibus et magnis dis parturient montes, nascetur ridiculus mus. Etiam vel augue. Vestibulum rutrum rutrum neque. Aenean auctor gravida sem. Praesent id massa id nisl venenatis lacinia. Aenean sit amet justo. Morbi ut odio. Cras mi pede, malesuada in, imperdiet et, commodo vulputate, justo. In blandit ultrices enim. Lorem ipsum dolor sit amet, consectetuer adipiscing elit. Proin interdum mauris non ligula pellentesque ultrices. Phasellus id sapien in sapien iaculis congue. Vivamus metus arcu, adipiscing molestie, hendrerit at, vulputate vitae, nisl. Aenean lectus. Pellentesque eget nunc. Donec quis orci eget orci vehicula condimentum. Curabitur in libero ut massa volutpat convallis. Morbi odio odio, elementum eu, interdum eu, tincidunt in, leo.');
insert into balance_transaction (id, user_id, time, value, book_id, description) values (98, 66, '28/11/2020', -89, 4, 'Integer non velit. Donec diam neque, vestibulum eget, vulputate ut, ultrices vel, augue. Vestibulum ante ipsum primis in faucibus orci luctus et ultrices posuere cubilia Curae; Donec pharetra, magna vestibulum aliquet ultrices, erat tortor sollicitudin mi, sit amet lobortis sapien sapien non mi. Integer ac neque. Duis bibendum. Morbi non quam nec dui luctus rutrum. Nulla tellus. In sagittis dui vel nisl. Duis ac nibh. Fusce lacus purus, aliquet at, feugiat non, pretium quis, lectus. Suspendisse potenti. In eleifend quam a odio. In hac habitasse platea dictumst. Maecenas ut massa quis augue luctus tincidunt. Nulla mollis molestie lorem. Quisque ut erat. Curabitur gravida nisi at nibh. In hac habitasse platea dictumst. Aliquam augue quam, sollicitudin vitae, consectetuer eget, rutrum at, lorem. Integer tincidunt ante vel ipsum. Praesent blandit lacinia erat.');
insert into balance_transaction (id, user_id, time, value, book_id, description) values (99, 31, '23/7/2020', 147, 42, 'Morbi non quam nec dui luctus rutrum. Nulla tellus. In sagittis dui vel nisl. Duis ac nibh. Fusce lacus purus, aliquet at, feugiat non, pretium quis, lectus. Suspendisse potenti. In eleifend quam a odio. In hac habitasse platea dictumst. Maecenas ut massa quis augue luctus tincidunt. Nulla mollis molestie lorem. Quisque ut erat. Curabitur gravida nisi at nibh. In hac habitasse platea dictumst. Aliquam augue quam, sollicitudin vitae, consectetuer eget, rutrum at, lorem. Integer tincidunt ante vel ipsum. Praesent blandit lacinia erat.');
insert into balance_transaction (id, user_id, time, value, book_id, description) values (100, 52, '4/1/2021', -191, 29, 'Proin interdum mauris non ligula pellentesque ultrices. Phasellus id sapien in sapien iaculis congue. Vivamus metus arcu, adipiscing molestie, hendrerit at, vulputate vitae, nisl. Aenean lectus. Pellentesque eget nunc. Donec quis orci eget orci vehicula condimentum. Curabitur in libero ut massa volutpat convallis. Morbi odio odio, elementum eu, interdum eu, tincidunt in, leo. Maecenas pulvinar lobortis est. Phasellus sit amet erat. Nulla tempus. Vivamus in felis eu sapien cursus vestibulum. Proin eu mi. Nulla ac enim. In tempor, turpis nec euismod scelerisque, quam turpis adipiscing lorem, vitae mattis nibh ligula nec sem. Duis aliquam convallis nunc. Proin at turpis a pede posuere nonummy. Integer non velit. Donec diam neque, vestibulum eget, vulputate ut, ultrices vel, augue. Vestibulum ante ipsum primis in faucibus orci luctus et ultrices posuere cubilia Curae; Donec pharetra, magna vestibulum aliquet ultrices, erat tortor sollicitudin mi, sit amet lobortis sapien sapien non mi. Integer ac neque. Duis bibendum. Morbi non quam nec dui luctus rutrum. Nulla tellus. In sagittis dui vel nisl. Duis ac nibh.');
insert into balance_transaction (id, user_id, time, value, book_id, description) values (101, 7, '30/1/2021', 182, 60, 'Proin at turpis a pede posuere nonummy. Integer non velit.');
insert into balance_transaction (id, user_id, time, value, book_id, description) values (102, 47, '22/2/2021', 109, 57, 'Sed ante. Vivamus tortor. Duis mattis egestas metus. Aenean fermentum. Donec ut mauris eget massa tempor convallis. Nulla neque libero, convallis eget, eleifend luctus, ultricies eu, nibh. Quisque id justo sit amet sapien dignissim vestibulum. Vestibulum ante ipsum primis in faucibus orci luctus et ultrices posuere cubilia Curae; Nulla dapibus dolor vel est. Donec odio justo, sollicitudin ut, suscipit a, feugiat et, eros. Vestibulum ac est lacinia nisi venenatis tristique. Fusce congue, diam id ornare imperdiet, sapien urna pretium nisl, ut volutpat sapien arcu sed augue. Aliquam erat volutpat. In congue. Etiam justo. Etiam pretium iaculis justo. In hac habitasse platea dictumst.');
insert into balance_transaction (id, user_id, time, value, book_id, description) values (103, 10, '3/10/2020', -69, 58, 'Mauris lacinia sapien quis libero.');
insert into balance_transaction (id, user_id, time, value, book_id, description) values (104, 50, '16/2/2021', 41, 19, 'Nam tristique tortor eu pede.');
insert into balance_transaction (id, user_id, time, value, book_id, description) values (105, 81, '30/4/2020', 178, 31, 'Morbi vestibulum, velit id pretium iaculis, diam erat fermentum justo, nec condimentum neque sapien placerat ante. Nulla justo. Aliquam quis turpis eget elit sodales scelerisque. Mauris sit amet eros. Suspendisse accumsan tortor quis turpis. Sed ante. Vivamus tortor. Duis mattis egestas metus. Aenean fermentum. Donec ut mauris eget massa tempor convallis. Nulla neque libero, convallis eget, eleifend luctus, ultricies eu, nibh. Quisque id justo sit amet sapien dignissim vestibulum. Vestibulum ante ipsum primis in faucibus orci luctus et ultrices posuere cubilia Curae; Nulla dapibus dolor vel est. Donec odio justo, sollicitudin ut, suscipit a, feugiat et, eros. Vestibulum ac est lacinia nisi venenatis tristique. Fusce congue, diam id ornare imperdiet, sapien urna pretium nisl, ut volutpat sapien arcu sed augue. Aliquam erat volutpat.');
insert into balance_transaction (id, user_id, time, value, book_id, description) values (106, 35, '30/3/2020', 165, 62, 'In blandit ultrices enim. Lorem ipsum dolor sit amet, consectetuer adipiscing elit. Proin interdum mauris non ligula pellentesque ultrices. Phasellus id sapien in sapien iaculis congue.');
insert into balance_transaction (id, user_id, time, value, book_id, description) values (107, 59, '19/11/2020', -46, 66, 'In tempor, turpis nec euismod scelerisque, quam turpis adipiscing lorem, vitae mattis nibh ligula nec sem. Duis aliquam convallis nunc. Proin at turpis a pede posuere nonummy. Integer non velit. Donec diam neque, vestibulum eget, vulputate ut, ultrices vel, augue. Vestibulum ante ipsum primis in faucibus orci luctus et ultrices posuere cubilia Curae; Donec pharetra, magna vestibulum aliquet ultrices, erat tortor sollicitudin mi, sit amet lobortis sapien sapien non mi. Integer ac neque. Duis bibendum. Morbi non quam nec dui luctus rutrum. Nulla tellus. In sagittis dui vel nisl. Duis ac nibh. Fusce lacus purus, aliquet at, feugiat non, pretium quis, lectus. Suspendisse potenti. In eleifend quam a odio. In hac habitasse platea dictumst. Maecenas ut massa quis augue luctus tincidunt. Nulla mollis molestie lorem. Quisque ut erat. Curabitur gravida nisi at nibh. In hac habitasse platea dictumst. Aliquam augue quam, sollicitudin vitae, consectetuer eget, rutrum at, lorem. Integer tincidunt ante vel ipsum. Praesent blandit lacinia erat. Vestibulum sed magna at nunc commodo placerat. Praesent blandit. Nam nulla. Integer pede justo, lacinia eget, tincidunt eget, tempus vel, pede. Morbi porttitor lorem id ligula. Suspendisse ornare consequat lectus.');
insert into balance_transaction (id, user_id, time, value, book_id, description) values (108, 73, '2/3/2021', -49, 10, 'In hac habitasse platea dictumst. Etiam faucibus cursus urna. Ut tellus. Nulla ut erat id mauris vulputate elementum. Nullam varius. Nulla facilisi. Cras non velit nec nisi vulputate nonummy. Maecenas tincidunt lacus at velit. Vivamus vel nulla eget eros elementum pellentesque.');
insert into balance_transaction (id, user_id, time, value, book_id, description) values (109, 85, '27/10/2020', 111, 72, 'In est risus, auctor sed, tristique in, tempus sit amet, sem. Fusce consequat. Nulla nisl. Nunc nisl. Duis bibendum, felis sed interdum venenatis, turpis enim blandit mi, in porttitor pede justo eu massa. Donec dapibus. Duis at velit eu est congue elementum. In hac habitasse platea dictumst. Morbi vestibulum, velit id pretium iaculis, diam erat fermentum justo, nec condimentum neque sapien placerat ante. Nulla justo. Aliquam quis turpis eget elit sodales scelerisque. Mauris sit amet eros. Suspendisse accumsan tortor quis turpis. Sed ante.');
insert into balance_transaction (id, user_id, time, value, book_id, description) values (110, 90, '14/8/2020', 20, 57, 'Nulla nisl. Nunc nisl. Duis bibendum, felis sed interdum venenatis, turpis enim blandit mi, in porttitor pede justo eu massa. Donec dapibus. Duis at velit eu est congue elementum. In hac habitasse platea dictumst. Morbi vestibulum, velit id pretium iaculis, diam erat fermentum justo, nec condimentum neque sapien placerat ante. Nulla justo. Aliquam quis turpis eget elit sodales scelerisque.');
insert into balance_transaction (id, user_id, time, value, book_id, description) values (111, 38, '22/3/2020', -26, 61, 'Integer non velit. Donec diam neque, vestibulum eget, vulputate ut, ultrices vel, augue. Vestibulum ante ipsum primis in faucibus orci luctus et ultrices posuere cubilia Curae; Donec pharetra, magna vestibulum aliquet ultrices, erat tortor sollicitudin mi, sit amet lobortis sapien sapien non mi. Integer ac neque. Duis bibendum. Morbi non quam nec dui luctus rutrum. Nulla tellus. In sagittis dui vel nisl. Duis ac nibh. Fusce lacus purus, aliquet at, feugiat non, pretium quis, lectus. Suspendisse potenti. In eleifend quam a odio. In hac habitasse platea dictumst. Maecenas ut massa quis augue luctus tincidunt. Nulla mollis molestie lorem. Quisque ut erat. Curabitur gravida nisi at nibh. In hac habitasse platea dictumst. Aliquam augue quam, sollicitudin vitae, consectetuer eget, rutrum at, lorem. Integer tincidunt ante vel ipsum. Praesent blandit lacinia erat.');
insert into balance_transaction (id, user_id, time, value, book_id, description) values (112, 81, '13/4/2020', 6, 24, 'Morbi porttitor lorem id ligula. Suspendisse ornare consequat lectus. In est risus, auctor sed, tristique in, tempus sit amet, sem. Fusce consequat. Nulla nisl. Nunc nisl. Duis bibendum, felis sed interdum venenatis, turpis enim blandit mi, in porttitor pede justo eu massa. Donec dapibus. Duis at velit eu est congue elementum. In hac habitasse platea dictumst. Morbi vestibulum, velit id pretium iaculis, diam erat fermentum justo, nec condimentum neque sapien placerat ante. Nulla justo. Aliquam quis turpis eget elit sodales scelerisque. Mauris sit amet eros. Suspendisse accumsan tortor quis turpis. Sed ante. Vivamus tortor. Duis mattis egestas metus. Aenean fermentum. Donec ut mauris eget massa tempor convallis. Nulla neque libero, convallis eget, eleifend luctus, ultricies eu, nibh. Quisque id justo sit amet sapien dignissim vestibulum. Vestibulum ante ipsum primis in faucibus orci luctus et ultrices posuere cubilia Curae; Nulla dapibus dolor vel est. Donec odio justo, sollicitudin ut, suscipit a, feugiat et, eros. Vestibulum ac est lacinia nisi venenatis tristique. Fusce congue, diam id ornare imperdiet, sapien urna pretium nisl, ut volutpat sapien arcu sed augue. Aliquam erat volutpat.');
insert into balance_transaction (id, user_id, time, value, book_id, description) values (113, 47, '26/11/2020', -9, 72, 'Fusce posuere felis sed lacus. Morbi sem mauris, laoreet ut, rhoncus aliquet, pulvinar sed, nisl. Nunc rhoncus dui vel sem. Sed sagittis. Nam congue, risus semper porta volutpat, quam pede lobortis ligula, sit amet eleifend pede libero quis orci. Nullam molestie nibh in lectus. Pellentesque at nulla. Suspendisse potenti. Cras in purus eu magna vulputate luctus. Cum sociis natoque penatibus et magnis dis parturient montes, nascetur ridiculus mus. Vivamus vestibulum sagittis sapien. Cum sociis natoque penatibus et magnis dis parturient montes, nascetur ridiculus mus. Etiam vel augue. Vestibulum rutrum rutrum neque. Aenean auctor gravida sem. Praesent id massa id nisl venenatis lacinia. Aenean sit amet justo. Morbi ut odio. Cras mi pede, malesuada in, imperdiet et, commodo vulputate, justo.');
insert into balance_transaction (id, user_id, time, value, book_id, description) values (114, 78, '24/7/2020', 18, 40, 'Integer tincidunt ante vel ipsum. Praesent blandit lacinia erat. Vestibulum sed magna at nunc commodo placerat. Praesent blandit. Nam nulla. Integer pede justo, lacinia eget, tincidunt eget, tempus vel, pede. Morbi porttitor lorem id ligula. Suspendisse ornare consequat lectus. In est risus, auctor sed, tristique in, tempus sit amet, sem. Fusce consequat. Nulla nisl. Nunc nisl. Duis bibendum, felis sed interdum venenatis, turpis enim blandit mi, in porttitor pede justo eu massa. Donec dapibus. Duis at velit eu est congue elementum. In hac habitasse platea dictumst. Morbi vestibulum, velit id pretium iaculis, diam erat fermentum justo, nec condimentum neque sapien placerat ante. Nulla justo. Aliquam quis turpis eget elit sodales scelerisque. Mauris sit amet eros. Suspendisse accumsan tortor quis turpis.');
insert into balance_transaction (id, user_id, time, value, book_id, description) values (115, 87, '20/5/2020', -28, 43, 'Duis bibendum, felis sed interdum venenatis, turpis enim blandit mi, in porttitor pede justo eu massa. Donec dapibus. Duis at velit eu est congue elementum. In hac habitasse platea dictumst. Morbi vestibulum, velit id pretium iaculis, diam erat fermentum justo, nec condimentum neque sapien placerat ante. Nulla justo. Aliquam quis turpis eget elit sodales scelerisque. Mauris sit amet eros. Suspendisse accumsan tortor quis turpis. Sed ante. Vivamus tortor. Duis mattis egestas metus. Aenean fermentum. Donec ut mauris eget massa tempor convallis. Nulla neque libero, convallis eget, eleifend luctus, ultricies eu, nibh. Quisque id justo sit amet sapien dignissim vestibulum. Vestibulum ante ipsum primis in faucibus orci luctus et ultrices posuere cubilia Curae; Nulla dapibus dolor vel est. Donec odio justo, sollicitudin ut, suscipit a, feugiat et, eros. Vestibulum ac est lacinia nisi venenatis tristique. Fusce congue, diam id ornare imperdiet, sapien urna pretium nisl, ut volutpat sapien arcu sed augue. Aliquam erat volutpat.');
insert into balance_transaction (id, user_id, time, value, book_id, description) values (116, 63, '28/9/2020', 71, 17, 'Integer ac neque. Duis bibendum. Morbi non quam nec dui luctus rutrum. Nulla tellus. In sagittis dui vel nisl. Duis ac nibh. Fusce lacus purus, aliquet at, feugiat non, pretium quis, lectus. Suspendisse potenti. In eleifend quam a odio. In hac habitasse platea dictumst. Maecenas ut massa quis augue luctus tincidunt. Nulla mollis molestie lorem. Quisque ut erat. Curabitur gravida nisi at nibh. In hac habitasse platea dictumst. Aliquam augue quam, sollicitudin vitae, consectetuer eget, rutrum at, lorem. Integer tincidunt ante vel ipsum.');
insert into balance_transaction (id, user_id, time, value, book_id, description) values (117, 79, '3/6/2020', 102, 9, 'Proin interdum mauris non ligula pellentesque ultrices. Phasellus id sapien in sapien iaculis congue. Vivamus metus arcu, adipiscing molestie, hendrerit at, vulputate vitae, nisl. Aenean lectus. Pellentesque eget nunc. Donec quis orci eget orci vehicula condimentum. Curabitur in libero ut massa volutpat convallis. Morbi odio odio, elementum eu, interdum eu, tincidunt in, leo.');
insert into balance_transaction (id, user_id, time, value, book_id, description) values (118, 26, '3/7/2020', -12, 64, 'Nullam sit amet turpis elementum ligula vehicula consequat. Morbi a ipsum. Integer a nibh. In quis justo. Maecenas rhoncus aliquam lacus. Morbi quis tortor id nulla ultrices aliquet. Maecenas leo odio, condimentum id, luctus nec, molestie sed, justo. Pellentesque viverra pede ac diam. Cras pellentesque volutpat dui. Maecenas tristique, est et tempus semper, est quam pharetra magna, ac consequat metus sapien ut nunc. Vestibulum ante ipsum primis in faucibus orci luctus et ultrices posuere cubilia Curae; Mauris viverra diam vitae quam. Suspendisse potenti. Nullam porttitor lacus at turpis. Donec posuere metus vitae ipsum. Aliquam non mauris. Morbi non lectus.');
insert into balance_transaction (id, user_id, time, value, book_id, description) values (119, 20, '21/10/2020', -152, 32, 'Vestibulum ac est lacinia nisi venenatis tristique. Fusce congue, diam id ornare imperdiet, sapien urna pretium nisl, ut volutpat sapien arcu sed augue. Aliquam erat volutpat. In congue. Etiam justo. Etiam pretium iaculis justo. In hac habitasse platea dictumst. Etiam faucibus cursus urna. Ut tellus. Nulla ut erat id mauris vulputate elementum. Nullam varius. Nulla facilisi. Cras non velit nec nisi vulputate nonummy.');
insert into balance_transaction (id, user_id, time, value, book_id, description) values (120, 60, '24/9/2020', 100, 54, 'In hac habitasse platea dictumst. Maecenas ut massa quis augue luctus tincidunt. Nulla mollis molestie lorem. Quisque ut erat. Curabitur gravida nisi at nibh. In hac habitasse platea dictumst. Aliquam augue quam, sollicitudin vitae, consectetuer eget, rutrum at, lorem. Integer tincidunt ante vel ipsum. Praesent blandit lacinia erat. Vestibulum sed magna at nunc commodo placerat. Praesent blandit. Nam nulla. Integer pede justo, lacinia eget, tincidunt eget, tempus vel, pede. Morbi porttitor lorem id ligula. Suspendisse ornare consequat lectus. In est risus, auctor sed, tristique in, tempus sit amet, sem. Fusce consequat. Nulla nisl. Nunc nisl. Duis bibendum, felis sed interdum venenatis, turpis enim blandit mi, in porttitor pede justo eu massa. Donec dapibus. Duis at velit eu est congue elementum. In hac habitasse platea dictumst. Morbi vestibulum, velit id pretium iaculis, diam erat fermentum justo, nec condimentum neque sapien placerat ante. Nulla justo. Aliquam quis turpis eget elit sodales scelerisque. Mauris sit amet eros. Suspendisse accumsan tortor quis turpis. Sed ante.');


insert into book_file_type (id, name, description) values (1, 'PDF', 'PDF file');
insert into book_file_type (id, name, description) values (2, 'EPUB', 'EPUB file');
insert into book_file_type (id, name, description) values (3, 'FB2', 'FB2 file');



insert into book_file (id, hash, type_id, path) values (1, '0dd597ffd62a52de42ea3a5e713df7f4fa239716', 3, '/quisque/arcu/libero.jsp');
insert into book_file (id, hash, type_id, path) values (2, '201a5ba60425a36ad40bb155423b11a830121d42', 1, '/cursus/vestibulum/proin.jpg');
insert into book_file (id, hash, type_id, path) values (3, 'e89b57da1df77ab9e5edd84d4ac3c1595292afe0', 1, '/in/congue.json');
insert into book_file (id, hash, type_id, path) values (4, '7adcf99e1d3ba5f12cc60ea75c68d235e43f840c', 3, '/nulla/ac/enim.jpg');
insert into book_file (id, hash, type_id, path) values (5, 'a285a9e2dcfc5c2e53c82e8c354a095dae806096', 2, '/cubilia/curae/mauris.jpg');
insert into book_file (id, hash, type_id, path) values (6, '7be8aae2ee6868af93c7ddc3c8be9e2c5012cd7b', 2, '/quis/lectus/suspendisse/potenti/in/eleifend/quam.jsp');
insert into book_file (id, hash, type_id, path) values (7, 'c3026f3111d05a105c3386b6b8435329b4697a50', 1, '/nulla/nisl/nunc/nisl/duis/bibendum.xml');
insert into book_file (id, hash, type_id, path) values (8, 'e73c415515f5af386364a40d25755228905377aa', 1, '/nibh.js');
insert into book_file (id, hash, type_id, path) values (9, '81fc1a43c7c629692deb0aba9b0a93d6a91a84d5', 3, '/auctor/gravida/sem/praesent/id/massa/id.js');
insert into book_file (id, hash, type_id, path) values (10, 'bab1da9dac9fa8fea65a3c17290ac57698535049', 2, '/nisl.js');
insert into book_file (id, hash, type_id, path) values (11, 'ae4db4e2f1096cd4bfbec5df84b97715f573248f', 2, '/ligula/sit/amet.aspx');
insert into book_file (id, hash, type_id, path) values (12, 'e423ac57866eda2de1ff71120c2e7887d4779809', 1, '/diam/cras/pellentesque/volutpat/dui/maecenas/tristique.js');
insert into book_file (id, hash, type_id, path) values (13, '99bf8c5135f1015899ec401ec6e84d0c9a74d230', 1, '/suspendisse/potenti/in.jpg');
insert into book_file (id, hash, type_id, path) values (14, '791c2fee06bf06ee45c61a2b01296d2977ca16a6', 3, '/felis/sed.xml');
insert into book_file (id, hash, type_id, path) values (15, 'aea427ec9e8465ec489d5a8e299d9238e486be5b', 3, '/sapien/non/mi/integer.jsp');
insert into book_file (id, hash, type_id, path) values (16, '2ed29c40e3af952d99c719235c14b0004e1bc42e', 3, '/pellentesque/volutpat/dui/maecenas.json');
insert into book_file (id, hash, type_id, path) values (17, '45e709ed1b6e89de9c72fafea6c55e2bf310edf7', 1, '/nulla/facilisi/cras/non.js');
insert into book_file (id, hash, type_id, path) values (18, 'aa5dcc40eea82589a6bbef42b64221d8f92eba46', 1, '/odio/in/hac/habitasse.js');
insert into book_file (id, hash, type_id, path) values (19, 'e9280d709a9eb41ad9bfa58338aac027c9dcc055', 1, '/elit/proin/risus/praesent.js');
insert into book_file (id, hash, type_id, path) values (20, '3f9a77a4a3be4d4c38fecdc5b06babd7379fdae4', 1, '/quis/turpis/sed/ante/vivamus/tortor.jpg');
insert into book_file (id, hash, type_id, path) values (21, '1590d5816c2bf85d8d1c59ae20b8a2c48a560a68', 3, '/integer.html');
insert into book_file (id, hash, type_id, path) values (22, 'dae95870359c2deb8911990c7c8d212074afec74', 2, '/diam.jsp');
insert into book_file (id, hash, type_id, path) values (23, 'adef426de6ca09ca9a124c338e7b3fb55067df98', 3, '/nam/dui/proin/leo/odio/porttitor.jpg');
insert into book_file (id, hash, type_id, path) values (24, '0b7c45e10ecba8efe1aecace419f88cdaed062bf', 2, '/vestibulum/ante/ipsum/primis/in/faucibus/orci.aspx');
insert into book_file (id, hash, type_id, path) values (25, '6cfd7182d8565fc9de4d658d6d710f48c6507253', 2, '/et/ultrices/posuere/cubilia/curae/nulla.png');
insert into book_file (id, hash, type_id, path) values (26, '8280ff05fb846d16d3f9d1edb157f733881062c2', 3, '/adipiscing/elit/proin/interdum/mauris/non/ligula.json');
insert into book_file (id, hash, type_id, path) values (27, 'c9e2820772d3ef09f58a90a2557facbb82ce8361', 3, '/diam/id.xml');
insert into book_file (id, hash, type_id, path) values (28, 'f5db029e80ce7d4839b0783b2b43530d0cf161ee', 1, '/volutpat/quam/pede/lobortis/ligula/sit/amet.xml');
insert into book_file (id, hash, type_id, path) values (29, '6ab7003ca716999fdb2ff66089fbd832c0a5a0ff', 2, '/et/tempus/semper/est/quam/pharetra.html');
insert into book_file (id, hash, type_id, path) values (30, '717d33f8ee4e190872b79e272c3f98a6f82c651b', 2, '/erat.json');
insert into book_file (id, hash, type_id, path) values (31, '083512325669f2e78c452cf8eefe0a335b3715dd', 3, '/elementum/pellentesque.html');
insert into book_file (id, hash, type_id, path) values (32, 'd67285a9ffe3a466aca55ccd01fbe1f32f058ea8', 2, '/in/magna/bibendum/imperdiet/nullam/orci/pede.jsp');
insert into book_file (id, hash, type_id, path) values (33, '11969ac143c0c02e81b663c601d4a2081917b995', 3, '/sit/amet/consectetuer/adipiscing.aspx');
insert into book_file (id, hash, type_id, path) values (34, '15e93de28320186f73ff1e7457e60eb6b94ab45e', 2, '/in/sagittis.jsp');
insert into book_file (id, hash, type_id, path) values (35, '5b714a1adc2bd0b68278496501bb7474cab8b4b7', 2, '/est.json');
insert into book_file (id, hash, type_id, path) values (36, 'b64c2030b01de7816627aca7e7d8bdfea100cba2', 3, '/vel/ipsum/praesent/blandit.png');
insert into book_file (id, hash, type_id, path) values (37, '5765d8c2b06ecfb2482c72d2a80c1e96f796ed80', 2, '/sem/fusce.xml');
insert into book_file (id, hash, type_id, path) values (38, '7aeba032ff2559d00df2314d58e61b56e3de4045', 3, '/erat/curabitur/gravida/nisi/at.html');
insert into book_file (id, hash, type_id, path) values (39, '4ca3608787ecf9d7497c658731ea868420ffe296', 3, '/rutrum/neque/aenean.html');
insert into book_file (id, hash, type_id, path) values (40, 'fb29b8c8b68d7a1e488d4b73537b51bc2b221c92', 1, '/lacus/morbi/quis.jsp');
insert into book_file (id, hash, type_id, path) values (41, '41b23885ab44e971416c7d0936ee0f43d4180af0', 1, '/vel/augue.xml');
insert into book_file (id, hash, type_id, path) values (42, '1fda66e30c8be11184e93e2cd892a136b54e8e46', 3, '/pharetra/magna/ac/consequat/metus/sapien.jpg');
insert into book_file (id, hash, type_id, path) values (43, 'bdeae692f3c7c49824c90d4fe24daaecb92e4bee', 3, '/est/et/tempus.xml');
insert into book_file (id, hash, type_id, path) values (44, 'd5cb81d7739fd63fa8027e5251bef5137d0384d0', 1, '/dapibus/dolor/vel.xml');
insert into book_file (id, hash, type_id, path) values (45, '564cc45910e04f023e1be5a84980292849b517fd', 3, '/feugiat/non/pretium/quis/lectus/suspendisse/potenti.html');
insert into book_file (id, hash, type_id, path) values (46, 'd0b0ac5748457f1ee0cc8d4a3b3f38fc82c07554', 2, '/rutrum/nulla.json');
insert into book_file (id, hash, type_id, path) values (47, 'f36e4228e5d7c555b29745451c1ba03506a81a4c', 1, '/sed/vel/enim/sit/amet/nunc.xml');
insert into book_file (id, hash, type_id, path) values (48, '0e0e10708024afa19012c8d791e8ea27eed47542', 1, '/vestibulum/aliquet/ultrices.jpg');
insert into book_file (id, hash, type_id, path) values (49, 'aca17489c084848a0729f55eea7a214f0fd5bdd5', 1, '/ante/ipsum/primis/in/faucibus.html');
insert into book_file (id, hash, type_id, path) values (50, '1cef2dd1498d5701b351a98a3e735c47326951ce', 2, '/penatibus/et/magnis/dis/parturient/montes/nascetur.jpg');
insert into book_file (id, hash, type_id, path) values (51, '105b1110964823198a9e4684b718143a9d645aac', 2, '/odio/in/hac/habitasse.html');
insert into book_file (id, hash, type_id, path) values (52, '890987b1be0b8535e2c00ebc7fbb39551fa60f43', 2, '/a.jpg');
insert into book_file (id, hash, type_id, path) values (53, '32b9dabbbee93386d88bcd8dee29620812d5c87d', 1, '/amet/nunc/viverra/dapibus/nulla/suscipit.aspx');
insert into book_file (id, hash, type_id, path) values (54, '1e4f6e1413433aaa92f0d741fa77426d2091bf37', 1, '/luctus/et/ultrices.aspx');
insert into book_file (id, hash, type_id, path) values (55, 'cf14f8d25b17c955fd62891aafc909b65e53bea4', 3, '/ut/massa/volutpat/convallis/morbi/odio/odio.jsp');
insert into book_file (id, hash, type_id, path) values (56, '7b66a270cd651c14391f0bd5e4a866c688609c3a', 2, '/tincidunt/ante/vel.js');
insert into book_file (id, hash, type_id, path) values (57, '584f076bbe051c71311357cf070b10f39523721d', 3, '/eget/semper/rutrum.aspx');
insert into book_file (id, hash, type_id, path) values (58, '8bdc32a8e5ba16fd3bfe691e3dab372694f22a03', 1, '/vestibulum/velit/id/pretium/iaculis/diam.aspx');
insert into book_file (id, hash, type_id, path) values (59, 'a1de6d97607c34e320bf3a1fa342026d7f5a8094', 2, '/est/phasellus/sit/amet/erat.json');
insert into book_file (id, hash, type_id, path) values (60, '4b72dd7690985f9c6f92b42e067f9dcc8d90eb7c', 1, '/mauris/lacinia/sapien/quis/libero.js');
insert into book_file (id, hash, type_id, path) values (61, '3cfb8847d267d47c3de88e5faf277461fd505e7f', 1, '/sagittis/nam.jpg');
insert into book_file (id, hash, type_id, path) values (62, '294bc61193bc05ec4a9a8f83fe4888d6d1739662', 3, '/felis/donec/semper/sapien/a/libero.png');
insert into book_file (id, hash, type_id, path) values (63, 'b40c99283c08a4e23f89877eb6441a8f777819ef', 3, '/aliquet/at/feugiat/non/pretium/quis.png');
insert into book_file (id, hash, type_id, path) values (64, 'ad8931e23e3bfe9b19641cc749677a966534eade', 1, '/imperdiet/sapien/urna/pretium/nisl.xml');
insert into book_file (id, hash, type_id, path) values (65, 'c7b29807a8e07c307590df25fd3c4d2d3c19c2b2', 3, '/eu/nibh/quisque/id/justo/sit.xml');
insert into book_file (id, hash, type_id, path) values (66, 'bc56cba4cdaa0527abe9d4f6b85045a20eb28c29', 2, '/ante/ipsum/primis.png');
insert into book_file (id, hash, type_id, path) values (67, '9d86c76903f4bd42d83d910822fb65149ec9a2a6', 3, '/sapien/in/sapien/iaculis/congue/vivamus/metus.jsp');
insert into book_file (id, hash, type_id, path) values (68, '42c169925db317091e08383d0bc6466ea8a75e5a', 1, '/montes/nascetur/ridiculus.js');
insert into book_file (id, hash, type_id, path) values (69, '899749eee0b7024988452a70590a23ab77d37663', 3, '/lacinia/sapien/quis/libero/nullam/sit.aspx');
insert into book_file (id, hash, type_id, path) values (70, '3c210297093d2141f89c63dbede9a678419cbf66', 1, '/sapien/non.jsp');
insert into book_file (id, hash, type_id, path) values (71, 'b70ed22a0de7e38148f8133cb108bec6608814ca', 3, '/id.js');
insert into book_file (id, hash, type_id, path) values (72, 'faef357647f7080eea29c543cba18226389683e4', 3, '/iaculis/diam/erat/fermentum.html');
insert into book_file (id, hash, type_id, path) values (73, '859caddc39b0cb0ee58253a0d408be0ed76c761e', 3, '/adipiscing/elit/proin/interdum.xml');



insert into document (id, sort_index, slug, title, text) values (1, 1, 'Cardguard', 'Bitwolf', 'Aliquam non mauris. Morbi non lectus. Aliquam sit amet diam in magna bibendum imperdiet. Nullam orci pede, venenatis non, sodales sed, tincidunt eu, felis. Fusce posuere felis sed lacus. Morbi sem mauris, laoreet ut, rhoncus aliquet, pulvinar sed, nisl.');
insert into document (id, sort_index, slug, title, text) values (2, 2, 'Domainer', 'Zoolab', 'Duis at velit eu est congue elementum. In hac habitasse platea dictumst. Morbi vestibulum, velit id pretium iaculis, diam erat fermentum justo, nec condimentum neque sapien placerat ante. Nulla justo. Aliquam quis turpis eget elit sodales scelerisque. Mauris sit amet eros. Suspendisse accumsan tortor quis turpis. Sed ante. Vivamus tortor. Duis mattis egestas metus. Aenean fermentum. Donec ut mauris eget massa tempor convallis. Nulla neque libero, convallis eget, eleifend luctus, ultricies eu, nibh. Quisque id justo sit amet sapien dignissim vestibulum. Vestibulum ante ipsum primis in faucibus orci luctus et ultrices posuere cubilia Curae; Nulla dapibus dolor vel est. Donec odio justo, sollicitudin ut, suscipit a, feugiat et, eros. Vestibulum ac est lacinia nisi venenatis tristique. Fusce congue, diam id ornare imperdiet, sapien urna pretium nisl, ut volutpat sapien arcu sed augue. Aliquam erat volutpat. In congue. Etiam justo. Etiam pretium iaculis justo. In hac habitasse platea dictumst.');
insert into document (id, sort_index, slug, title, text) values (3, 3, 'Biodex', 'Subin', 'Nulla tellus. In sagittis dui vel nisl. Duis ac nibh. Fusce lacus purus, aliquet at, feugiat non, pretium quis, lectus. Suspendisse potenti. In eleifend quam a odio. In hac habitasse platea dictumst. Maecenas ut massa quis augue luctus tincidunt. Nulla mollis molestie lorem. Quisque ut erat.');
insert into document (id, sort_index, slug, title, text) values (4, 4, 'Gembucket', 'Daltfresh', 'Nullam orci pede, venenatis non, sodales sed, tincidunt eu, felis. Fusce posuere felis sed lacus. Morbi sem mauris, laoreet ut, rhoncus aliquet, pulvinar sed, nisl. Nunc rhoncus dui vel sem. Sed sagittis. Nam congue, risus semper porta volutpat, quam pede lobortis ligula, sit amet eleifend pede libero quis orci.');
insert into document (id, sort_index, slug, title, text) values (5, 5, 'Veribet', 'Viva', 'In hac habitasse platea dictumst. Etiam faucibus cursus urna. Ut tellus. Nulla ut erat id mauris vulputate elementum. Nullam varius. Nulla facilisi. Cras non velit nec nisi vulputate nonummy. Maecenas tincidunt lacus at velit. Vivamus vel nulla eget eros elementum pellentesque. Quisque porta volutpat erat. Quisque erat eros, viverra eget, congue eget, semper rutrum, nulla. Nunc purus. Phasellus in felis. Donec semper sapien a libero. Nam dui. Proin leo odio, porttitor id, consequat in, consequat ut, nulla. Sed accumsan felis. Ut at dolor quis odio consequat varius. Integer ac leo. Pellentesque ultrices mattis odio. Donec vitae nisi. Nam ultrices, libero non mattis pulvinar, nulla pede ullamcorper augue, a suscipit nulla elit ac nulla. Sed vel enim sit amet nunc viverra dapibus.');
insert into document (id, sort_index, slug, title, text) values (6, 6, 'Zontrax', 'Alpha', 'Vivamus in felis eu sapien cursus vestibulum. Proin eu mi. Nulla ac enim. In tempor, turpis nec euismod scelerisque, quam turpis adipiscing lorem, vitae mattis nibh ligula nec sem. Duis aliquam convallis nunc. Proin at turpis a pede posuere nonummy. Integer non velit. Donec diam neque, vestibulum eget, vulputate ut, ultrices vel, augue. Vestibulum ante ipsum primis in faucibus orci luctus et ultrices posuere cubilia Curae; Donec pharetra, magna vestibulum aliquet ultrices, erat tortor sollicitudin mi, sit amet lobortis sapien sapien non mi. Integer ac neque. Duis bibendum. Morbi non quam nec dui luctus rutrum. Nulla tellus. In sagittis dui vel nisl. Duis ac nibh. Fusce lacus purus, aliquet at, feugiat non, pretium quis, lectus. Suspendisse potenti. In eleifend quam a odio. In hac habitasse platea dictumst. Maecenas ut massa quis augue luctus tincidunt. Nulla mollis molestie lorem. Quisque ut erat. Curabitur gravida nisi at nibh. In hac habitasse platea dictumst. Aliquam augue quam, sollicitudin vitae, consectetuer eget, rutrum at, lorem.');
insert into document (id, sort_index, slug, title, text) values (7, 7, 'Kanlam', 'Transcof', 'In sagittis dui vel nisl. Duis ac nibh. Fusce lacus purus, aliquet at, feugiat non, pretium quis, lectus. Suspendisse potenti. In eleifend quam a odio. In hac habitasse platea dictumst.');
insert into document (id, sort_index, slug, title, text) values (8, 8, 'Andalax', 'Y-Solowarm', 'Duis bibendum, felis sed interdum venenatis, turpis enim blandit mi, in porttitor pede justo eu massa. Donec dapibus. Duis at velit eu est congue elementum. In hac habitasse platea dictumst. Morbi vestibulum, velit id pretium iaculis, diam erat fermentum justo, nec condimentum neque sapien placerat ante. Nulla justo. Aliquam quis turpis eget elit sodales scelerisque. Mauris sit amet eros. Suspendisse accumsan tortor quis turpis. Sed ante. Vivamus tortor. Duis mattis egestas metus. Aenean fermentum. Donec ut mauris eget massa tempor convallis. Nulla neque libero, convallis eget, eleifend luctus, ultricies eu, nibh. Quisque id justo sit amet sapien dignissim vestibulum. Vestibulum ante ipsum primis in faucibus orci luctus et ultrices posuere cubilia Curae; Nulla dapibus dolor vel est. Donec odio justo, sollicitudin ut, suscipit a, feugiat et, eros. Vestibulum ac est lacinia nisi venenatis tristique. Fusce congue, diam id ornare imperdiet, sapien urna pretium nisl, ut volutpat sapien arcu sed augue. Aliquam erat volutpat. In congue. Etiam justo. Etiam pretium iaculis justo. In hac habitasse platea dictumst. Etiam faucibus cursus urna. Ut tellus. Nulla ut erat id mauris vulputate elementum. Nullam varius. Nulla facilisi.');
insert into document (id, sort_index, slug, title, text) values (9, 9, 'Bamity', 'Gembucket', 'Quisque porta volutpat erat. Quisque erat eros, viverra eget, congue eget, semper rutrum, nulla. Nunc purus.');
insert into document (id, sort_index, slug, title, text) values (10, 10, 'Y-Solowarm', 'Transcof', 'In hac habitasse platea dictumst.');



insert into faq (id, sort_index, question, answer) values (1, 1, 'Sed accumsan felis. Ut at dolor quis odio consequat varius. Integer ac leo. Pellentesque ultrices mattis odio.', 'Cras mi pede, malesuada in, imperdiet et, commodo vulputate, justo. In blandit ultrices enim. Lorem ipsum dolor sit amet, consectetuer adipiscing elit. Proin interdum mauris non ligula pellentesque ultrices. Phasellus id sapien in sapien iaculis congue. Vivamus metus arcu, adipiscing molestie, hendrerit at, vulputate vitae, nisl. Aenean lectus. Pellentesque eget nunc. Donec quis orci eget orci vehicula condimentum. Curabitur in libero ut massa volutpat convallis. Morbi odio odio, elementum eu, interdum eu, tincidunt in, leo. Maecenas pulvinar lobortis est. Phasellus sit amet erat. Nulla tempus. Vivamus in felis eu sapien cursus vestibulum. Proin eu mi. Nulla ac enim. In tempor, turpis nec euismod scelerisque, quam turpis adipiscing lorem, vitae mattis nibh ligula nec sem. Duis aliquam convallis nunc. Proin at turpis a pede posuere nonummy. Integer non velit. Donec diam neque, vestibulum eget, vulputate ut, ultrices vel, augue. Vestibulum ante ipsum primis in faucibus orci luctus et ultrices posuere cubilia Curae; Donec pharetra, magna vestibulum aliquet ultrices, erat tortor sollicitudin mi, sit amet lobortis sapien sapien non mi. Integer ac neque. Duis bibendum. Morbi non quam nec dui luctus rutrum. Nulla tellus. In sagittis dui vel nisl. Duis ac nibh. Fusce lacus purus, aliquet at, feugiat non, pretium quis, lectus.');
insert into faq (id, sort_index, question, answer) values (2, 2, 'Donec dapibus. Duis at velit eu est congue elementum. In hac habitasse platea dictumst.', 'Mauris sit amet eros. Suspendisse accumsan tortor quis turpis. Sed ante. Vivamus tortor. Duis mattis egestas metus. Aenean fermentum. Donec ut mauris eget massa tempor convallis. Nulla neque libero, convallis eget, eleifend luctus, ultricies eu, nibh. Quisque id justo sit amet sapien dignissim vestibulum. Vestibulum ante ipsum primis in faucibus orci luctus et ultrices posuere cubilia Curae; Nulla dapibus dolor vel est. Donec odio justo, sollicitudin ut, suscipit a, feugiat et, eros. Vestibulum ac est lacinia nisi venenatis tristique. Fusce congue, diam id ornare imperdiet, sapien urna pretium nisl, ut volutpat sapien arcu sed augue. Aliquam erat volutpat. In congue. Etiam justo. Etiam pretium iaculis justo. In hac habitasse platea dictumst. Etiam faucibus cursus urna. Ut tellus. Nulla ut erat id mauris vulputate elementum. Nullam varius. Nulla facilisi. Cras non velit nec nisi vulputate nonummy.');
insert into faq (id, sort_index, question, answer) values (3, 3, 'Maecenas leo odio, condimentum id, luctus nec, molestie sed, justo. Pellentesque viverra pede ac diam.', 'Fusce congue, diam id ornare imperdiet, sapien urna pretium nisl, ut volutpat sapien arcu sed augue. Aliquam erat volutpat. In congue. Etiam justo. Etiam pretium iaculis justo. In hac habitasse platea dictumst. Etiam faucibus cursus urna. Ut tellus. Nulla ut erat id mauris vulputate elementum. Nullam varius. Nulla facilisi. Cras non velit nec nisi vulputate nonummy. Maecenas tincidunt lacus at velit. Vivamus vel nulla eget eros elementum pellentesque. Quisque porta volutpat erat. Quisque erat eros, viverra eget, congue eget, semper rutrum, nulla. Nunc purus. Phasellus in felis. Donec semper sapien a libero. Nam dui. Proin leo odio, porttitor id, consequat in, consequat ut, nulla. Sed accumsan felis. Ut at dolor quis odio consequat varius. Integer ac leo. Pellentesque ultrices mattis odio. Donec vitae nisi.');
insert into faq (id, sort_index, question, answer) values (4, 4, 'Cum sociis natoque penatibus et magnis dis parturient montes, nascetur ridiculus mus. Etiam vel augue. Vestibulum rutrum rutrum neque. Aenean auctor gravida sem.', 'Sed sagittis. Nam congue, risus semper porta volutpat, quam pede lobortis ligula, sit amet eleifend pede libero quis orci. Nullam molestie nibh in lectus. Pellentesque at nulla. Suspendisse potenti. Cras in purus eu magna vulputate luctus. Cum sociis natoque penatibus et magnis dis parturient montes, nascetur ridiculus mus. Vivamus vestibulum sagittis sapien. Cum sociis natoque penatibus et magnis dis parturient montes, nascetur ridiculus mus. Etiam vel augue.');
insert into faq (id, sort_index, question, answer) values (5, 5, 'Vestibulum ante ipsum primis in faucibus orci luctus et ultrices posuere cubilia Curae; Mauris viverra diam vitae quam. Suspendisse potenti. Nullam porttitor lacus at turpis. Donec posuere metus vitae ipsum. Aliquam non mauris.', 'Praesent lectus. Vestibulum quam sapien, varius ut, blandit non, interdum in, ante. Vestibulum ante ipsum primis in faucibus orci luctus et ultrices posuere cubilia Curae; Duis faucibus accumsan odio.');



insert into message (id, time, user_id, e_mail, name, subject, text) values (1, '19/10/2020', 56, 'aragat0@google.ru', 'Clare', 'Archaimbaud', 'Integer pede justo, lacinia eget, tincidunt eget, tempus vel, pede.');
insert into message (id, time, user_id, e_mail, name, subject, text) values (2, '1/11/2020', 96, 'wtweedlie1@woothemes.com', 'Albertine', 'Walsh', 'Maecenas tristique, est et tempus semper, est quam pharetra magna, ac consequat metus sapien ut nunc.');
insert into message (id, time, user_id, e_mail, name, subject, text) values (3, '1/12/2020', 48, 'kmably2@eepurl.com', 'Renato', 'Konrad', 'Morbi non lectus.');
insert into message (id, time, user_id, e_mail, name, subject, text) values (4, '29/7/2020', 50, 'icollingham3@naver.com', 'Perri', 'Ianthe', 'Morbi vel lectus in quam fringilla rhoncus. Mauris enim leo, rhoncus sed, vestibulum sit amet, cursus id, turpis. Integer aliquet, massa id lobortis convallis, tortor risus dapibus augue, vel accumsan tellus nisi eu orci. Mauris lacinia sapien quis libero.');
insert into message (id, time, user_id, e_mail, name, subject, text) values (5, '2/2/2021', 36, 'ddalinder4@1und1.de', 'Leshia', 'Dinny', 'Cras in purus eu magna vulputate luctus. Cum sociis natoque penatibus et magnis dis parturient montes, nascetur ridiculus mus.');
insert into message (id, time, user_id, e_mail, name, subject, text) values (6, '28/1/2021', 32, 'cimlock5@studiopress.com', 'Carlye', 'Camille', 'Nulla facilisi. Cras non velit nec nisi vulputate nonummy. Maecenas tincidunt lacus at velit.');
insert into message (id, time, user_id, e_mail, name, subject, text) values (7, '12/3/2020', 14, 'nhawgood6@unesco.org', 'Pat', 'Nell', 'Integer tincidunt ante vel ipsum. Praesent blandit lacinia erat.');
